ID,Day_after,IM_frequency,1_distress,2_distress,3_distress,4_distress,5_distress,6_distress,7_distress,8_distress,9_distress,10_distress
44,1,0,,,,,,,,,,
44,2,0,,,,,,,,,,
234,1,0,,,,,,,,,,
234,2,0,,,,,,,,,,
234,3,0,,,,,,,,,,
234,4,0,,,,,,,,,,
234,5,0,,,,,,,,,,
234,6,0,,,,,,,,,,
234,7,0,,,,,,,,,,
149,1,0,,,,,,,,,,
149,2,1,0,,,,,,,,,
149,3,0,,,,,,,,,,
149,4,0,,,,,,,,,,
149,5,0,,,,,,,,,,
149,6,0,,,,,,,,,,
149,7,0,,,,,,,,,,
38,1,0,,,,,,,,,,
38,2,0,,,,,,,,,,
38,5,0,,,,,,,,,,
38,6,1,0,,,,,,,,,
38,7,0,,,,,,,,,,
64,1,1,2,,,,,,,,,
64,2,0,,,,,,,,,,
64,3,0,,,,,,,,,,
64,7,0,,,,,,,,,,
41,1,0,,,,,,,,,,
41,2,0,,,,,,,,,,
41,3,0,,,,,,,,,,
41,4,0,,,,,,,,,,
41,5,0,,,,,,,,,,
41,7,0,,,,,,,,,,
36,1,3,0,5,0,,,,,,,
36,2,2,1,0,,,,,,,,
205,1,0,,,,,,,,,,
205,2,0,,,,,,,,,,
205,3,0,,,,,,,,,,
205,4,0,,,,,,,,,,
205,5,0,,,,,,,,,,
205,6,0,,,,,,,,,,
205,7,0,,,,,,,,,,
162,1,0,,,,,,,,,,
162,2,0,,,,,,,,,,
162,4,0,,,,,,,,,,
162,5,0,,,,,,,,,,
91,1,1,4,,,,,,,,,
91,2,0,,,,,,,,,,
91,3,0,,,,,,,,,,
91,4,0,,,,,,,,,,
91,5,0,,,,,,,,,,
91,6,0,,,,,,,,,,
91,7,0,,,,,,,,,,
174,1,0,,,,,,,,,,
111,2,0,,,,,,,,,,
111,3,0,,,,,,,,,,
111,4,0,,,,,,,,,,
111,5,0,,,,,,,,,,
8,1,4,7,8,9,1,,,,,,
8,2,1,10,,,,,,,,,
8,3,0,,,,,,,,,,
8,4,0,,,,,,,,,,
8,5,0,,,,,,,,,,
8,6,0,,,,,,,,,,
8,7,0,,,,,,,,,,
150,1,5,1,1,0,1,2,,,,,
150,3,2,1,1,,,,,,,,
150,4,0,,,,,,,,,,
150,5,1,0,,,,,,,,,
150,6,0,,,,,,,,,,
150,7,1,0,,,,,,,,,
156,1,0,,,,,,,,,,
156,2,0,,,,,,,,,,
156,3,1,4,,,,,,,,,
156,4,0,,,,,,,,,,
156,5,0,,,,,,,,,,
156,6,0,,,,,,,,,,
156,7,0,,,,,,,,,,
182,1,6,2,2,5,2,4,1,,,,
182,2,2,1,1,,,,,,,,
182,3,0,,,,,,,,,,
182,4,0,,,,,,,,,,
182,5,0,,,,,,,,,,
182,6,0,,,,,,,,,,
182,7,0,,,,,,,,,,
107,1,3,4,6,6,,,,,,,
107,2,3,5,6,4,,,,,,,
107,3,2,5,5,,,,,,,,
107,5,1,3,,,,,,,,,
107,6,1,3,,,,,,,,,
107,7,1,4,,,,,,,,,
264,1,0,,,,,,,,,,
264,2,0,,,,,,,,,,
264,3,0,,,,,,,,,,
264,4,0,,,,,,,,,,
264,5,0,,,,,,,,,,
264,6,0,,,,,,,,,,
264,7,0,,,,,,,,,,
259,1,1,0,,,,,,,,,
259,2,0,,,,,,,,,,
259,3,0,,,,,,,,,,
259,4,0,,,,,,,,,,
259,5,0,,,,,,,,,,
259,6,0,,,,,,,,,,
259,7,0,,,,,,,,,,
93,1,2,2,2,,,,,,,,
93,2,1,2,,,,,,,,,
93,3,2,2,3,,,,,,,,
93,4,0,,,,,,,,,,
93,5,0,,,,,,,,,,
93,6,0,,,,,,,,,,
93,7,0,,,,,,,,,,
34,1,0,,,,,,,,,,
120,2,0,,,,,,,,,,
120,1,0,,,,,,,,,,
120,3,1,0,,,,,,,,,
120,4,0,,,,,,,,,,
120,5,0,,,,,,,,,,
120,7,0,,,,,,,,,,
253,2,3,0,,,,,,,,,
223,1,0,,,,,,,,,,
223,2,0,,,,,,,,,,
223,3,0,,,,,,,,,,
223,5,0,,,,,,,,,,
223,6,0,,,,,,,,,,
223,7,0,,,,,,,,,,
23,1,0,,,,,,,,,,
23,2,0,,,,,,,,,,
23,3,0,,,,,,,,,,
23,4,0,,,,,,,,,,
23,5,0,,,,,,,,,,
23,6,0,,,,,,,,,,
23,7,0,,,,,,,,,,
160,1,0,,,,,,,,,,
160,2,0,,,,,,,,,,
160,4,0,,,,,,,,,,
160,5,0,,,,,,,,,,
160,6,0,,,,,,,,,,
160,7,0,,,,,,,,,,
221,4,0,,,,,,,,,,
221,5,0,,,,,,,,,,
221,1,2,0,1,,,,,,,,
221,2,0,,,,,,,,,,
221,3,0,,,,,,,,,,
221,7,0,,,,,,,,,,
125,1,0,,,,,,,,,,
125,2,0,,,,,,,,,,
125,3,0,,,,,,,,,,
125,4,0,,,,,,,,,,
125,5,0,,,,,,,,,,
125,6,0,,,,,,,,,,
125,7,0,,,,,,,,,,
203,2,0,,,,,,,,,,
203,4,0,,,,,,,,,,
203,7,0,,,,,,,,,,
175,1,0,,,,,,,,,,
175,2,0,,,,,,,,,,
175,3,0,,,,,,,,,,
175,4,0,,,,,,,,,,
175,5,0,,,,,,,,,,
175,6,0,,,,,,,,,,
175,7,0,,,,,,,,,,
2,1,0,,,,,,,,,,
2,3,0,,,,,,,,,,
2,4,0,,,,,,,,,,
2,5,0,,,,,,,,,,
2,6,0,,,,,,,,,,
2,7,0,,,,,,,,,,
256,1,0,,,,,,,,,,
256,2,0,,,,,,,,,,
256,3,0,,,,,,,,,,
256,4,0,,,,,,,,,,
256,5,0,,,,,,,,,,
256,6,0,,,,,,,,,,
48,1,0,,,,,,,,,,
48,2,0,,,,,,,,,,
48,4,0,,,,,,,,,,
48,6,1,0,,,,,,,,,
48,7,0,,,,,,,,,,
89,1,4,2,0,4,1,,,,,,
89,2,3,3,1,0,,,,,,,
89,3,2,0,0,,,,,,,,
89,4,0,,,,,,,,,,
89,5,0,,,,,,,,,,
89,6,0,,,,,,,,,,
89,7,0,,,,,,,,,,
250,1,0,,,,,,,,,,
250,2,0,,,,,,,,,,
250,4,0,,,,,,,,,,
250,5,0,,,,,,,,,,
250,6,0,,,,,,,,,,
250,7,0,,,,,,,,,,
106,1,2,2,8,,,,,,,,
106,2,0,,,,,,,,,,
106,3,0,,,,,,,,,,
106,4,0,,,,,,,,,,
106,5,0,,,,,,,,,,
106,6,0,,,,,,,,,,
106,7,0,,,,,,,,,,
87,1,1,7,,,,,,,,,
87,2,1,7,,,,,,,,,
13,1,0,,,,,,,,,,
13,2,0,,,,,,,,,,
13,3,0,,,,,,,,,,
13,4,0,,,,,,,,,,
13,5,0,,,,,,,,,,
13,6,0,,,,,,,,,,
13,7,0,,,,,,,,,,
60,1,3,5,5,4,,,,,,,
60,2,2,4,7,,,,,,,,
60,3,0,,,,,,,,,,
60,4,1,7,,,,,,,,,
60,5,0,,,,,,,,,,
60,6,0,,,,,,,,,,
60,7,0,,,,,,,,,,
261,1,3,2,3,1,,,,,,,
261,2,0,,,,,,,,,,
261,3,1,0,,,,,,,,,
261,4,2,0,0,,,,,,,,
261,5,0,,,,,,,,,,
261,6,1,0,,,,,,,,,
261,7,1,0,,,,,,,,,
230,1,3,2,3,3,,,,,,,
230,2,2,3,4,,,,,,,,
230,3,0,,,,,,,,,,
230,4,0,,,,,,,,,,
230,5,0,,,,,,,,,,
230,6,0,,,,,,,,,,
230,7,0,,,,,,,,,,
243,1,0,,,,,,,,,,
243,2,0,,,,,,,,,,
243,3,0,,,,,,,,,,
243,4,0,,,,,,,,,,
243,5,0,,,,,,,,,,
243,6,0,,,,,,,,,,
243,7,0,,,,,,,,,,
117,1,10,8,8,9,8,9,0,0,0,0,0
117,2,0,,,,,,,,,,
117,3,1,5,,,,,,,,,
117,4,0,,,,,,,,,,
117,5,0,,,,,,,,,,
117,6,0,,,,,,,,,,
117,7,0,,,,,,,,,,
188,1,0,,,,,,,,,,
188,2,0,,,,,,,,,,
188,3,0,,,,,,,,,,
188,4,0,,,,,,,,,,
188,5,0,,,,,,,,,,
188,6,0,,,,,,,,,,
188,7,0,,,,,,,,,,
134,1,0,,,,,,,,,,
134,2,0,,,,,,,,,,
134,3,0,,,,,,,,,,
134,4,0,,,,,,,,,,
134,5,0,,,,,,,,,,
134,6,0,,,,,,,,,,
134,7,0,,,,,,,,,,
227,1,6,4,4,3,4,4,3,,,,
94,1,0,,,,,,,,,,
94,2,0,,,,,,,,,,
94,3,0,,,,,,,,,,
94,4,0,,,,,,,,,,
94,5,0,,,,,,,,,,
94,6,0,,,,,,,,,,
94,7,0,,,,,,,,,,
104,1,0,,,,,,,,,,
104,2,0,,,,,,,,,,
104,3,0,,,,,,,,,,
104,4,0,,,,,,,,,,
104,5,0,,,,,,,,,,
104,6,0,,,,,,,,,,
104,7,0,,,,,,,,,,
178,1,0,,,,,,,,,,
178,2,0,,,,,,,,,,
118,1,0,,,,,,,,,,
118,2,0,,,,,,,,,,
118,3,0,,,,,,,,,,
118,4,0,,,,,,,,,,
118,5,0,,,,,,,,,,
118,6,0,,,,,,,,,,
118,7,0,,,,,,,,,,
246,1,0,,,,,,,,,,
246,2,0,,,,,,,,,,
246,3,0,,,,,,,,,,
246,4,0,,,,,,,,,,
246,5,0,,,,,,,,,,
246,6,0,,,,,,,,,,
246,7,0,,,,,,,,,,
200,1,0,,,,,,,,,,
200,3,0,,,,,,,,,,
200,4,0,,,,,,,,,,
200,5,0,,,,,,,,,,
200,6,0,,,,,,,,,,
112,1,4,7,7,8,9,,,,,,
112,2,0,,,,,,,,,,
112,3,0,,,,,,,,,,
112,4,1,7,,,,,,,,,
112,5,0,,,,,,,,,,
112,6,0,,,,,,,,,,
112,7,0,,,,,,,,,,
213,1,0,,,,,,,,,,
213,2,0,,,,,,,,,,
213,3,0,,,,,,,,,,
213,4,0,,,,,,,,,,
213,5,0,,,,,,,,,,
213,6,0,,,,,,,,,,
213,7,0,,,,,,,,,,
219,2,0,,,,,,,,,,
219,3,1,9,,,,,,,,,
219,4,0,,,,,,,,,,
219,5,0,,,,,,,,,,
219,6,0,,,,,,,,,,
219,7,0,,,,,,,,,,
86,1,2,0,0,,,,,,,,
16,1,0,,,,,,,,,,
16,2,0,,,,,,,,,,
16,3,0,,,,,,,,,,
16,4,0,,,,,,,,,,
16,5,0,,,,,,,,,,
16,6,0,,,,,,,,,,
16,7,0,,,,,,,,,,
139,1,0,,,,,,,,,,
139,2,0,,,,,,,,,,
139,3,0,,,,,,,,,,
139,4,0,,,,,,,,,,
139,5,0,,,,,,,,,,
139,6,0,,,,,,,,,,
139,7,0,,,,,,,,,,
1,1,0,,,,,,,,,,
1,2,0,,,,,,,,,,
1,3,0,,,,,,,,,,
1,4,0,,,,,,,,,,
1,6,0,,,,,,,,,,
1,7,0,,,,,,,,,,
122,1,2,1,1,,,,,,,,
122,2,1,0,,,,,,,,,
122,3,0,,,,,,,,,,
122,4,1,0,,,,,,,,,
122,5,1,1,,,,,,,,,
122,7,0,,,,,,,,,,
123,1,0,,,,,,,,,,
123,2,0,,,,,,,,,,
123,3,0,,,,,,,,,,
123,4,0,,,,,,,,,,
123,5,0,,,,,,,,,,
123,6,0,,,,,,,,,,
123,7,0,,,,,,,,,,
22,1,1,2,,,,,,,,,
22,2,0,,,,,,,,,,
22,3,0,,,,,,,,,,
22,5,0,,,,,,,,,,
22,6,0,,,,,,,,,,
22,7,0,,,,,,,,,,
129,4,0,,,,,,,,,,
129,6,0,,,,,,,,,,
124,1,1,1,,,,,,,,,
124,2,0,,,,,,,,,,
124,3,0,,,,,,,,,,
124,4,0,,,,,,,,,,
124,5,0,,,,,,,,,,
124,6,0,,,,,,,,,,
124,7,0,,,,,,,,,,
171,1,2,3,3,,,,,,,,
171,2,2,2,3,,,,,,,,
171,3,0,,,,,,,,,,
171,4,0,,,,,,,,,,
171,5,0,,,,,,,,,,
171,6,0,,,,,,,,,,
171,7,0,,,,,,,,,,
39,1,4,0,1,0,0,,,,,,
90,1,2,4,5,,,,,,,,
90,2,0,,,,,,,,,,
90,3,0,,,,,,,,,,
90,4,0,,,,,,,,,,
90,5,0,,,,,,,,,,
90,6,0,,,,,,,,,,
90,7,0,,,,,,,,,,
242,1,0,,,,,,,,,,
242,2,0,,,,,,,,,,
231,1,1,0,,,,,,,,,
231,2,0,,,,,,,,,,
231,3,0,,,,,,,,,,
231,4,0,,,,,,,,,,
231,5,0,,,,,,,,,,
231,6,0,,,,,,,,,,
231,7,0,,,,,,,,,,
19,1,3,1,,,,,,,,,
228,1,0,,,,,,,,,,
228,2,0,,,,,,,,,,
228,3,0,,,,,,,,,,
228,4,0,,,,,,,,,,
228,5,0,,,,,,,,,,
228,6,0,,,,,,,,,,
228,7,0,,,,,,,,,,
187,1,0,,,,,,,,,,
187,2,0,,,,,,,,,,
187,3,0,,,,,,,,,,
187,4,0,,,,,,,,,,
187,5,1,2,,,,,,,,,
187,6,0,,,,,,,,,,
187,7,1,2,,,,,,,,,
140,3,1,8,,,,,,,,,
140,1,10,3,3,3,3,3,3,3,3,3,3
140,2,1,8,,,,,,,,,
140,4,0,,,,,,,,,,
140,5,0,,,,,,,,,,
140,6,0,,,,,,,,,,
140,7,0,,,,,,,,,,
222,1,0,,,,,,,,,,
222,2,1,8,,,,,,,,,
222,3,1,5,,,,,,,,,
222,4,0,,,,,,,,,,
222,5,0,,,,,,,,,,
222,6,0,,,,,,,,,,
222,7,0,,,,,,,,,,
189,1,0,,,,,,,,,,
189,2,0,,,,,,,,,,
189,3,0,,,,,,,,,,
189,4,0,,,,,,,,,,
189,5,0,,,,,,,,,,
189,6,0,,,,,,,,,,
189,7,0,,,,,,,,,,
141,1,0,,,,,,,,,,
141,2,0,,,,,,,,,,
141,3,0,,,,,,,,,,
141,4,0,,,,,,,,,,
141,5,0,,,,,,,,,,
141,6,0,,,,,,,,,,
141,7,0,,,,,,,,,,
195,1,0,,,,,,,,,,
195,2,0,,,,,,,,,,
195,3,0,,,,,,,,,,
195,4,0,,,,,,,,,,
195,5,0,,,,,,,,,,
195,6,0,,,,,,,,,,
195,7,0,,,,,,,,,,
237,1,3,0,0,0,,,,,,,
237,5,0,,,,,,,,,,
237,6,0,,,,,,,,,,
57,1,2,,,,,,,,,,
57,2,0,,,,,,,,,,
57,3,0,,,,,,,,,,
57,4,0,,,,,,,,,,
57,5,0,,,,,,,,,,
57,6,0,,,,,,,,,,
57,7,0,,,,,,,,,,
235,1,2,6,7,,,,,,,,
235,2,0,,,,,,,,,,
235,3,0,,,,,,,,,,
235,4,0,,,,,,,,,,
235,5,0,,,,,,,,,,
235,6,0,,,,,,,,,,
235,7,0,,,,,,,,,,
154,1,6,6,5,1,0,0,1,,,,
154,2,1,0,,,,,,,,,
154,3,0,,,,,,,,,,
154,4,0,,,,,,,,,,
154,5,0,,,,,,,,,,
154,6,0,,,,,,,,,,
154,7,0,,,,,,,,,,
186,1,0,,,,,,,,,,
186,2,0,,,,,,,,,,
186,3,0,,,,,,,,,,
186,4,0,,,,,,,,,,
186,5,0,,,,,,,,,,
186,6,0,,,,,,,,,,
186,7,0,,,,,,,,,,
62,1,0,,,,,,,,,,
62,2,0,,,,,,,,,,
62,3,0,,,,,,,,,,
62,4,1,,,,,,,,,,
62,5,0,,,,,,,,,,
62,6,0,,,,,,,,,,
62,7,0,,,,,,,,,,
45,1,0,,,,,,,,,,
45,2,0,,,,,,,,,,
45,3,0,,,,,,,,,,
45,4,0,,,,,,,,,,
45,5,0,,,,,,,,,,
45,6,0,,,,,,,,,,
45,7,0,,,,,,,,,,
251,1,0,,,,,,,,,,
251,2,0,,,,,,,,,,
251,3,0,,,,,,,,,,
251,4,1,1,,,,,,,,,
251,5,0,,,,,,,,,,
251,6,0,,,,,,,,,,
251,7,0,,,,,,,,,,
126,1,2,3,3,,,,,,,,
126,2,1,4,,,,,,,,,
126,3,0,,,,,,,,,,
126,5,0,,,,,,,,,,
126,6,1,0,,,,,,,,,
126,7,0,,,,,,,,,,
151,1,1,2,,,,,,,,,
151,2,0,,,,,,,,,,
151,3,0,,,,,,,,,,
151,4,1,3,,,,,,,,,
151,5,0,,,,,,,,,,
151,6,0,,,,,,,,,,
238,1,0,,,,,,,,,,
238,2,0,,,,,,,,,,
238,3,0,,,,,,,,,,
238,4,0,,,,,,,,,,
238,5,0,,,,,,,,,,
238,6,0,,,,,,,,,,
238,7,0,,,,,,,,,,
177,1,0,,,,,,,,,,
177,2,0,,,,,,,,,,
177,3,0,,,,,,,,,,
177,4,0,,,,,,,,,,
177,5,0,,,,,,,,,,
177,6,0,,,,,,,,,,
177,7,0,,,,,,,,,,
9,1,1,1,,,,,,,,,
9,2,0,,,,,,,,,,
9,3,0,,,,,,,,,,
9,4,0,,,,,,,,,,
9,5,0,,,,,,,,,,
9,6,0,,,,,,,,,,
9,7,0,,,,,,,,,,
30,1,0,,,,,,,,,,
143,1,2,2,5,,,,,,,,
143,2,1,4,,,,,,,,,
143,3,0,,,,,,,,,,
143,4,0,,,,,,,,,,
143,5,0,,,,,,,,,,
143,6,0,,,,,,,,,,
143,7,0,,,,,,,,,,
225,1,0,,,,,,,,,,
225,2,0,,,,,,,,,,
225,3,0,,,,,,,,,,
225,4,0,,,,,,,,,,
225,5,0,,,,,,,,,,
225,6,0,,,,,,,,,,
225,7,0,,,,,,,,,,
158,1,0,,,,,,,,,,
158,2,0,,,,,,,,,,
158,3,0,,,,,,,,,,
158,4,0,,,,,,,,,,
158,5,0,,,,,,,,,,
158,6,0,,,,,,,,,,
158,7,0,,,,,,,,,,
144,1,0,,,,,,,,,,
144,2,0,,,,,,,,,,
144,3,0,,,,,,,,,,
144,4,0,,,,,,,,,,
144,5,0,,,,,,,,,,
144,6,0,,,,,,,,,,
144,7,0,,,,,,,,,,
130,1,0,,,,,,,,,,
130,2,0,,,,,,,,,,
130,3,0,,,,,,,,,,
130,4,0,,,,,,,,,,
130,5,0,,,,,,,,,,
130,6,0,,,,,,,,,,
130,7,0,,,,,,,,,,
63,1,0,,,,,,,,,,
63,2,0,,,,,,,,,,
63,3,0,,,,,,,,,,
95,1,0,,,,,,,,,,
95,2,0,,,,,,,,,,
95,3,0,,,,,,,,,,
95,4,0,,,,,,,,,,
95,5,0,,,,,,,,,,
95,6,0,,,,,,,,,,
95,7,1,2,,,,,,,,,
83,1,0,,,,,,,,,,
83,2,2,4,4,,,,,,,,
83,3,1,4,,,,,,,,,
83,4,1,5,,,,,,,,,
83,5,0,,,,,,,,,,
83,6,0,,,,,,,,,,
83,7,0,,,,,,,,,,
85,1,1,0,,,,,,,,,
85,2,0,,,,,,,,,,
85,3,0,,,,,,,,,,
85,4,0,,,,,,,,,,
85,5,0,,,,,,,,,,
85,6,0,,,,,,,,,,
85,7,0,,,,,,,,,,
245,2,2,1,0,,,,,,,,
59,1,0,,,,,,,,,,
59,2,0,,,,,,,,,,
59,3,0,,,,,,,,,,
59,4,0,,,,,,,,,,
59,5,0,,,,,,,,,,
59,6,0,,,,,,,,,,
59,7,0,,,,,,,,,,
244,1,0,,,,,,,,,,
244,2,0,,,,,,,,,,
244,3,0,,,,,,,,,,
244,4,0,,,,,,,,,,
244,5,0,,,,,,,,,,
244,6,0,,,,,,,,,,
244,7,0,,,,,,,,,,
135,1,0,,,,,,,,,,
135,2,0,,,,,,,,,,
135,5,0,,,,,,,,,,
135,6,0,,,,,,,,,,
135,7,0,,,,,,,,,,
173,1,0,,,,,,,,,,
173,2,0,,,,,,,,,,
173,3,0,,,,,,,,,,
173,4,0,,,,,,,,,,
173,5,0,,,,,,,,,,
173,6,0,,,,,,,,,,
173,7,0,,,,,,,,,,
172,1,0,,,,,,,,,,
172,2,0,,,,,,,,,,
172,3,0,,,,,,,,,,
172,4,0,,,,,,,,,,
172,5,0,,,,,,,,,,
172,6,0,,,,,,,,,,
172,7,0,,,,,,,,,,
102,1,0,,,,,,,,,,
102,2,0,,,,,,,,,,
102,3,0,,,,,,,,,,
102,4,0,,,,,,,,,,
102,5,0,,,,,,,,,,
102,6,0,,,,,,,,,,
102,7,0,,,,,,,,,,
71,1,4,9,9,9,9,,,,,,
71,2,1,4,,,,,,,,,
249,2,2,7,5,,,,,,,,
249,3,0,,,,,,,,,,
249,4,0,,,,,,,,,,
249,5,0,,,,,,,,,,
249,6,0,,,,,,,,,,
65,1,0,,,,,,,,,,
65,2,0,,,,,,,,,,
65,3,0,,,,,,,,,,
65,4,0,,,,,,,,,,
65,5,0,,,,,,,,,,
65,6,0,,,,,,,,,,
65,7,0,,,,,,,,,,
153,1,10,3,3,3,3,3,3,3,3,3,3
153,2,1,4,,,,,,,,,
153,3,0,,,,,,,,,,
153,4,1,4,,,,,,,,,
153,5,0,,,,,,,,,,
153,6,0,,,,,,,,,,
153,7,1,9,,,,,,,,,
210,1,0,,,,,,,,,,
210,2,0,,,,,,,,,,
210,3,0,,,,,,,,,,
210,4,0,,,,,,,,,,
210,5,0,,,,,,,,,,
210,6,0,,,,,,,,,,
210,7,0,,,,,,,,,,
176,1,0,,,,,,,,,,
176,2,0,,,,,,,,,,
176,3,0,,,,,,,,,,
176,4,0,,,,,,,,,,
176,5,0,,,,,,,,,,
176,6,1,0,,,,,,,,,
176,7,0,,,,,,,,,,
127,2,10,10,7,8,5,6,4,5,3,7,6
127,3,6,10,5,5,4,6,6,,,,
127,4,6,7,4,4,4,4,6,,,,
119,2,1,0,,,,,,,,,
119,3,1,0,,,,,,,,,
119,4,0,,,,,,,,,,
119,5,0,,,,,,,,,,
119,6,0,,,,,,,,,,
119,7,0,,,,,,,,,,
183,1,1,4,,,,,,,,,
183,2,2,3,5,,,,,,,,
183,3,1,5,,,,,,,,,
183,4,2,2,6,,,,,,,,
183,5,0,,,,,,,,,,
183,6,1,6,,,,,,,,,
183,7,0,,,,,,,,,,
99,1,0,,,,,,,,,,
99,2,0,,,,,,,,,,
99,3,0,,,,,,,,,,
99,4,0,,,,,,,,,,
99,5,0,,,,,,,,,,
99,6,0,,,,,,,,,,
99,7,0,,,,,,,,,,
116,1,1,,,,,,,,,,
116,2,2,1,1,,,,,,,,
116,3,0,,,,,,,,,,
116,5,0,,,,,,,,,,
116,6,0,,,,,,,,,,
116,7,0,,,,,,,,,,
211,1,4,5,7,10,0,,,,,,
211,2,2,9,7,,,,,,,,
211,3,0,,,,,,,,,,
211,4,0,,,,,,,,,,
211,5,0,,,,,,,,,,
211,6,0,,,,,,,,,,
211,7,0,,,,,,,,,,
32,1,0,,,,,,,,,,
32,3,0,,,,,,,,,,
32,4,0,,,,,,,,,,
32,6,0,,,,,,,,,,
32,7,0,,,,,,,,,,
206,1,0,,,,,,,,,,
206,2,0,,,,,,,,,,
206,3,0,,,,,,,,,,
206,4,0,,,,,,,,,,
206,5,0,,,,,,,,,,
206,6,0,,,,,,,,,,
206,7,0,,,,,,,,,,
229,1,2,4,4,,,,,,,,
229,2,1,7,,,,,,,,,
229,3,0,,,,,,,,,,
229,4,0,,,,,,,,,,
229,5,0,,,,,,,,,,
229,6,0,,,,,,,,,,
229,7,1,6,,,,,,,,,
184,1,0,,,,,,,,,,
184,2,0,,,,,,,,,,
184,3,0,,,,,,,,,,
184,4,0,,,,,,,,,,
184,5,0,,,,,,,,,,
184,6,0,,,,,,,,,,
184,7,0,,,,,,,,,,
14,1,0,,,,,,,,,,
14,2,0,,,,,,,,,,
14,3,0,,,,,,,,,,
14,4,0,,,,,,,,,,
14,5,0,,,,,,,,,,
14,6,0,,,,,,,,,,
55,1,0,,,,,,,,,,
55,2,0,,,,,,,,,,
55,3,0,,,,,,,,,,
55,4,0,,,,,,,,,,
55,5,0,,,,,,,,,,
55,6,0,,,,,,,,,,
55,7,0,,,,,,,,,,
165,2,0,,,,,,,,,,
137,1,0,,,,,,,,,,
137,2,0,,,,,,,,,,
137,3,0,,,,,,,,,,
137,4,2,,,,,,,,,,
50,2,0,,,,,,,,,,
50,3,0,,,,,,,,,,
50,5,0,,,,,,,,,,
50,6,0,,,,,,,,,,
50,7,0,,,,,,,,,,
197,1,0,,,,,,,,,,
197,2,0,,,,,,,,,,
197,3,0,,,,,,,,,,
197,4,0,,,,,,,,,,
197,5,0,,,,,,,,,,
197,6,0,,,,,,,,,,
197,7,0,,,,,,,,,,
169,2,3,0,0,0,,,,,,,
169,4,0,,,,,,,,,,
169,7,0,,,,,,,,,,
6,1,0,,,,,,,,,,
6,2,0,,,,,,,,,,
6,3,0,,,,,,,,,,
6,4,0,,,,,,,,,,
6,5,0,,,,,,,,,,
6,6,0,,,,,,,,,,
6,7,0,,,,,,,,,,
113,1,0,,,,,,,,,,
113,2,0,,,,,,,,,,
113,3,0,,,,,,,,,,
113,5,0,,,,,,,,,,
113,6,0,,,,,,,,,,
113,7,0,,,,,,,,,,
233,1,0,,,,,,,,,,
233,2,0,,,,,,,,,,
233,3,0,,,,,,,,,,
233,7,0,,,,,,,,,,
236,1,0,,,,,,,,,,
236,2,0,,,,,,,,,,
236,4,0,,,,,,,,,,
236,5,0,,,,,,,,,,
236,6,0,,,,,,,,,,
20,1,0,,,,,,,,,,
20,2,0,,,,,,,,,,
20,3,0,,,,,,,,,,
20,4,0,,,,,,,,,,
20,5,0,,,,,,,,,,
20,6,0,,,,,,,,,,
20,7,0,,,,,,,,,,
131,2,0,,,,,,,,,,
100,1,3,0,3,3,,,,,,,
100,2,0,,,,,,,,,,
100,3,2,0,0,,,,,,,,
100,4,0,,,,,,,,,,
100,5,1,0,,,,,,,,,
100,6,0,,,,,,,,,,
100,7,0,,,,,,,,,,
88,1,1,6,,,,,,,,,
88,2,3,5,5,5,,,,,,,
88,3,1,5,,,,,,,,,
88,4,0,,,,,,,,,,
88,5,0,,,,,,,,,,
88,6,0,,,,,,,,,,
88,7,0,,,,,,,,,,
3,1,1,0,,,,,,,,,
3,2,1,0,,,,,,,,,
3,3,1,0,,,,,,,,,
3,4,0,,,,,,,,,,
3,5,0,,,,,,,,,,
3,6,0,,,,,,,,,,
3,7,0,,,,,,,,,,
121,2,0,,,,,,,,,,
121,5,0,,,,,,,,,,
121,6,0,,,,,,,,,,
121,7,0,,,,,,,,,,
66,1,0,,,,,,,,,,
66,2,0,,,,,,,,,,
66,3,0,,,,,,,,,,
66,4,0,,,,,,,,,,
66,5,0,,,,,,,,,,
190,5,0,,,,,,,,,,
190,1,0,,,,,,,,,,
190,2,0,,,,,,,,,,
190,3,0,,,,,,,,,,
190,4,0,,,,,,,,,,
190,6,0,,,,,,,,,,
110,1,0,,,,,,,,,,
110,2,0,,,,,,,,,,
110,3,0,,,,,,,,,,
110,4,0,,,,,,,,,,
110,5,0,,,,,,,,,,
110,6,0,,,,,,,,,,
110,7,0,,,,,,,,,,
67,1,0,,,,,,,,,,
204,1,3,0,0,7,,,,,,,
204,4,0,,,,,,,,,,
204,5,1,0,,,,,,,,,
61,1,1,2,,,,,,,,,
61,2,0,,,,,,,,,,
61,3,0,,,,,,,,,,
61,4,0,,,,,,,,,,
61,5,0,,,,,,,,,,
61,6,0,,,,,,,,,,
61,7,0,,,,,,,,,,
47,4,0,,,,,,,,,,
47,7,0,,,,,,,,,,
258,1,0,,,,,,,,,,
258,2,0,,,,,,,,,,
258,3,0,,,,,,,,,,
258,4,0,,,,,,,,,,
258,5,0,,,,,,,,,,
258,6,0,,,,,,,,,,
258,7,0,,,,,,,,,,
35,1,0,,,,,,,,,,
73,1,0,,,,,,,,,,
133,3,0,,,,,,,,,,
133,5,0,,,,,,,,,,
133,6,0,,,,,,,,,,
133,7,0,,,,,,,,,,
56,1,0,,,,,,,,,,
56,2,0,,,,,,,,,,
56,3,0,,,,,,,,,,
56,4,0,,,,,,,,,,
56,5,0,,,,,,,,,,
56,6,0,,,,,,,,,,
56,7,0,,,,,,,,,,
232,1,0,,,,,,,,,,
232,2,0,,,,,,,,,,
232,4,0,,,,,,,,,,
232,5,0,,,,,,,,,,
232,7,0,,,,,,,,,,
142,1,0,,,,,,,,,,
142,2,0,,,,,,,,,,
142,3,0,,,,,,,,,,
142,4,0,,,,,,,,,,
142,5,0,,,,,,,,,,
142,6,0,,,,,,,,,,
142,7,0,,,,,,,,,,
92,1,0,,,,,,,,,,
92,2,0,,,,,,,,,,
92,4,0,,,,,,,,,,
92,5,0,,,,,,,,,,
115,1,0,,,,,,,,,,
115,2,0,,,,,,,,,,
115,3,0,,,,,,,,,,
115,4,0,,,,,,,,,,
115,5,0,,,,,,,,,,
115,6,0,,,,,,,,,,
115,7,0,,,,,,,,,,
31,1,0,,,,,,,,,,
31,2,0,,,,,,,,,,
31,3,0,,,,,,,,,,
31,4,0,,,,,,,,,,
31,5,0,,,,,,,,,,
31,6,0,,,,,,,,,,
31,7,0,,,,,,,,,,
185,1,3,0,0,0,,,,,,,
185,2,0,,,,,,,,,,
185,3,0,,,,,,,,,,
185,4,0,,,,,,,,,,
185,5,0,,,,,,,,,,
185,6,0,,,,,,,,,,
185,7,0,,,,,,,,,,
11,5,0,,,,,,,,,,
42,1,0,,,,,,,,,,
42,2,0,,,,,,,,,,
42,3,0,,,,,,,,,,
42,4,0,,,,,,,,,,
42,5,0,,,,,,,,,,
42,6,0,,,,,,,,,,
42,7,0,,,,,,,,,,
76,1,0,,,,,,,,,,
76,2,0,,,,,,,,,,
76,3,0,,,,,,,,,,
76,4,0,,,,,,,,,,
76,5,0,,,,,,,,,,
76,6,0,,,,,,,,,,
76,7,0,,,,,,,,,,
148,1,0,,,,,,,,,,
148,2,0,,,,,,,,,,
148,3,0,,,,,,,,,,
148,4,1,0,,,,,,,,,
148,5,0,,,,,,,,,,
148,6,0,,,,,,,,,,
148,7,1,0,,,,,,,,,
68,1,0,,,,,,,,,,
68,2,0,,,,,,,,,,
68,3,0,,,,,,,,,,
68,4,0,,,,,,,,,,
68,5,0,,,,,,,,,,
68,6,0,,,,,,,,,,
68,7,0,,,,,,,,,,
145,1,3,3,4,4,,,,,,,
145,2,1,5,,,,,,,,,
145,3,0,,,,,,,,,,
145,4,0,,,,,,,,,,
145,5,0,,,,,,,,,,
145,6,0,,,,,,,,,,
145,7,0,,,,,,,,,,
70,1,2,8,1,,,,,,,,
17,1,8,5,5,5,5,5,5,5,5,,
97,1,3,,,,,,,,,,
46,1,0,,,,,,,,,,
46,2,1,1,,,,,,,,,
46,3,0,,,,,,,,,,
46,4,0,,,,,,,,,,
46,5,0,,,,,,,,,,
46,6,0,,,,,,,,,,
46,7,0,,,,,,,,,,
207,1,0,,,,,,,,,,
207,2,0,,,,,,,,,,
207,4,0,,,,,,,,,,
207,5,0,,,,,,,,,,
207,6,0,,,,,,,,,,
207,7,0,,,,,,,,,,
241,1,0,,,,,,,,,,
241,2,0,,,,,,,,,,
241,3,0,,,,,,,,,,
241,4,0,,,,,,,,,,
241,5,1,0,,,,,,,,,
241,6,0,,,,,,,,,,
241,7,0,,,,,,,,,,
216,1,0,,,,,,,,,,
216,2,0,,,,,,,,,,
216,3,0,,,,,,,,,,
216,4,0,,,,,,,,,,
216,5,0,,,,,,,,,,
216,6,0,,,,,,,,,,
216,7,0,,,,,,,,,,
37,1,0,,,,,,,,,,
37,2,0,,,,,,,,,,
37,3,0,,,,,,,,,,
37,4,0,,,,,,,,,,
37,5,0,,,,,,,,,,
37,6,0,,,,,,,,,,
37,7,0,,,,,,,,,,
192,1,1,0,,,,,,,,,
192,2,0,,,,,,,,,,
192,3,0,,,,,,,,,,
192,4,0,,,,,,,,,,
192,5,0,,,,,,,,,,
192,6,0,,,,,,,,,,
192,7,0,,,,,,,,,,
51,1,0,,,,,,,,,,
80,1,0,,,,,,,,,,
80,2,0,,,,,,,,,,
80,3,0,,,,,,,,,,
80,4,0,,,,,,,,,,
80,5,0,,,,,,,,,,
69,1,2,4,3,,,,,,,,
69,2,0,,,,,,,,,,
49,1,2,1,3,,,,,,,,
49,2,0,,,,,,,,,,
49,3,0,,,,,,,,,,
49,4,0,,,,,,,,,,
49,5,0,,,,,,,,,,
49,6,0,,,,,,,,,,
49,7,0,,,,,,,,,,
159,1,0,,,,,,,,,,
159,2,0,,,,,,,,,,
159,3,0,,,,,,,,,,
193,1,0,,,,,,,,,,
193,2,0,,,,,,,,,,
193,3,0,,,,,,,,,,
193,4,0,,,,,,,,,,
193,5,0,,,,,,,,,,
193,6,0,,,,,,,,,,
193,7,0,,,,,,,,,,
168,1,0,,,,,,,,,,
168,2,0,,,,,,,,,,
168,3,1,0,,,,,,,,,
168,4,1,4,,,,,,,,,
168,5,0,,,,,,,,,,
168,6,0,,,,,,,,,,
168,7,0,,,,,,,,,,
82,1,2,6,,,,,,,,,
82,2,3,7,5,4,,,,,,,
254,2,0,,,,,,,,,,
254,3,0,,,,,,,,,,
254,4,0,,,,,,,,,,
254,5,0,,,,,,,,,,
254,6,0,,,,,,,,,,
254,7,0,,,,,,,,,,
257,1,0,,,,,,,,,,
257,2,0,,,,,,,,,,
257,3,0,,,,,,,,,,
257,4,0,,,,,,,,,,
257,5,0,,,,,,,,,,
257,6,0,,,,,,,,,,
257,7,0,,,,,,,,,,
180,1,0,,,,,,,,,,
180,2,0,,,,,,,,,,
180,3,0,,,,,,,,,,
180,4,0,,,,,,,,,,
180,5,0,,,,,,,,,,
180,6,0,,,,,,,,,,
180,7,0,,,,,,,,,,
138,1,0,,,,,,,,,,
138,2,0,,,,,,,,,,
138,3,0,,,,,,,,,,
138,4,0,,,,,,,,,,
138,5,0,,,,,,,,,,
138,6,0,,,,,,,,,,
138,7,0,,,,,,,,,,
18,1,5,10,6,5,6,,,,,,
218,1,3,0,0,0,,,,,,,
218,2,0,,,,,,,,,,
218,3,1,0,,,,,,,,,
218,4,0,,,,,,,,,,
218,5,0,,,,,,,,,,
218,6,0,,,,,,,,,,
218,7,0,,,,,,,,,,
26,1,0,,,,,,,,,,
26,2,0,,,,,,,,,,
26,3,0,,,,,,,,,,
26,4,0,,,,,,,,,,
26,5,0,,,,,,,,,,
26,6,0,,,,,,,,,,
26,7,0,,,,,,,,,,
84,5,0,,,,,,,,,,
84,1,0,,,,,,,,,,
84,2,1,0,,,,,,,,,
84,3,0,,,,,,,,,,
84,4,0,,,,,,,,,,
84,6,0,,,,,,,,,,
84,7,0,,,,,,,,,,
170,1,0,,,,,,,,,,
170,2,0,,,,,,,,,,
170,3,0,,,,,,,,,,
170,4,0,,,,,,,,,,
170,5,0,,,,,,,,,,
170,6,0,,,,,,,,,,
170,7,0,,,,,,,,,,
201,1,0,,,,,,,,,,
201,2,1,3,,,,,,,,,
201,3,0,,,,,,,,,,
201,4,1,4,,,,,,,,,
33,1,0,,,,,,,,,,
33,2,0,,,,,,,,,,
33,3,0,,,,,,,,,,
33,4,0,,,,,,,,,,
33,5,0,,,,,,,,,,
33,6,0,,,,,,,,,,
33,7,1,2,,,,,,,,,
109,1,0,,,,,,,,,,
109,2,0,,,,,,,,,,
109,3,0,,,,,,,,,,
109,4,0,,,,,,,,,,
109,5,0,,,,,,,,,,
109,6,0,,,,,,,,,,
109,7,0,,,,,,,,,,
7,1,0,,,,,,,,,,
7,2,0,,,,,,,,,,
7,3,0,,,,,,,,,,
7,4,0,,,,,,,,,,
7,5,0,,,,,,,,,,
7,6,0,,,,,,,,,,
7,7,0,,,,,,,,,,
255,1,0,,,,,,,,,,
255,2,0,,,,,,,,,,
255,3,0,,,,,,,,,,
255,4,0,,,,,,,,,,
255,5,0,,,,,,,,,,
255,7,0,,,,,,,,,,
239,1,0,,,,,,,,,,
239,2,0,,,,,,,,,,
239,3,0,,,,,,,,,,
239,4,0,,,,,,,,,,
239,5,0,,,,,,,,,,
239,6,0,,,,,,,,,,
239,7,0,,,,,,,,,,
12,1,1,1,,,,,,,,,
12,2,0,,,,,,,,,,
12,3,0,,,,,,,,,,
12,4,0,,,,,,,,,,
12,5,0,,,,,,,,,,
12,6,0,,,,,,,,,,
12,7,0,,,,,,,,,,
199,1,2,6,8,,,,,,,,
199,2,1,8,,,,,,,,,
53,1,1,5,,,,,,,,,
53,2,1,3,,,,,,,,,
53,3,0,,,,,,,,,,
53,4,0,,,,,,,,,,
53,5,0,,,,,,,,,,
53,6,0,,,,,,,,,,
53,7,0,,,,,,,,,,
214,1,0,,,,,,,,,,
214,2,0,,,,,,,,,,
214,3,0,,,,,,,,,,
214,4,0,,,,,,,,,,
214,5,0,,,,,,,,,,
214,6,0,,,,,,,,,,
214,7,0,,,,,,,,,,
196,1,0,,,,,,,,,,
196,2,0,,,,,,,,,,
196,3,0,,,,,,,,,,
196,4,0,,,,,,,,,,
196,5,0,,,,,,,,,,
196,6,0,,,,,,,,,,
263,1,0,,,,,,,,,,
263,2,0,,,,,,,,,,
24,1,3,0,1,0,,,,,,,
24,2,0,,,,,,,,,,
24,3,0,,,,,,,,,,
24,4,0,,,,,,,,,,
24,5,0,,,,,,,,,,
24,6,0,,,,,,,,,,
24,7,0,,,,,,,,,,
209,1,0,,,,,,,,,,
209,2,0,,,,,,,,,,
209,3,0,,,,,,,,,,
209,4,0,,,,,,,,,,
209,5,0,,,,,,,,,,
209,6,0,,,,,,,,,,
209,7,0,,,,,,,,,,
114,1,0,,,,,,,,,,
114,2,1,2,,,,,,,,,
114,3,0,,,,,,,,,,
114,4,0,,,,,,,,,,
114,5,1,4,,,,,,,,,
114,6,0,,,,,,,,,,
114,7,0,,,,,,,,,,
217,1,0,,,,,,,,,,
217,2,0,,,,,,,,,,
217,3,0,,,,,,,,,,
217,4,0,,,,,,,,,,
217,5,0,,,,,,,,,,
21,1,10,8,8,,,,,,,,
21,2,10,,,,,,,,,,
21,3,1,5,,,,,,,,,
198,6,0,,,,,,,,,,
224,1,0,,,,,,,,,,
224,2,1,0,,,,,,,,,
224,3,0,,,,,,,,,,
224,4,0,,,,,,,,,,
224,5,0,,,,,,,,,,
224,6,1,2,,,,,,,,,
224,7,0,,,,,,,,,,
157,1,0,,,,,,,,,,
157,2,0,,,,,,,,,,
157,3,0,,,,,,,,,,
157,4,0,,,,,,,,,,
157,5,0,,,,,,,,,,
157,6,0,,,,,,,,,,
157,7,0,,,,,,,,,,
54,6,5,3,3,6,4,7,,,,,
163,1,0,,,,,,,,,,
163,2,0,,,,,,,,,,
163,3,0,,,,,,,,,,
163,4,0,,,,,,,,,,
163,6,0,,,,,,,,,,
163,7,0,,,,,,,,,,
