ID,General_IM,CogDis1_distress,CogDis2_anxious,CogDis3_uncomfortable,Vivid1_vivid,Vivid2_real,Vivid3_lifelike,Phys1_temperature,Phys2_muscles,Phys3_breathing,Intent1_unintentional,Intent2_popup,Intent3_notthinking,Control1_cantstop,Control2_cantpush,Control3_cantcontrol,Scare_level
1,,,,,,,,,,,,,,,,,5
2,<10%,Disagree,Somewhat agree,Neither agree nor disagree,Strongly disagree,Disagree,Neither agree nor disagree,Disagree,Disagree,Neither agree nor disagree,Neither agree nor disagree,Somewhat disagree,Disagree,Disagree,Disagree,Somewhat disagree,9
3,,,,,,,,,,,,,,,,,6
4,<10%,Somewhat agree,Neither agree nor disagree,Somewhat disagree,Neither agree nor disagree,Somewhat disagree,Somewhat agree,Neither agree nor disagree,Neither agree nor disagree,Somewhat agree,Disagree,Disagree,Strongly disagree,Somewhat disagree,Somewhat agree,Disagree,2
5,>80%,Neither agree nor disagree,Neither agree nor disagree,Neither agree nor disagree,Agree,Agree,Agree,Agree,Neither agree nor disagree,Agree,Somewhat agree,Agree,Somewhat disagree,Somewhat agree,Neither agree nor disagree,Neither agree nor disagree,9
6,21-40%,Somewhat disagree,Somewhat disagree,Disagree,Strongly disagree,Strongly disagree,Strongly disagree,Strongly disagree,Somewhat agree,Somewhat agree,Strongly disagree,Strongly disagree,Strongly disagree,Somewhat disagree,Somewhat disagree,Disagree,3
7,Not relevant,,,,,,,,,,,,,,,,0
8,Not relevant,,,,,,,,,,,,,,,,8
9,<10%,Disagree,Disagree,Disagree,Disagree,Disagree,Disagree,Neither agree nor disagree,Disagree,Disagree,Disagree,Disagree,Neither agree nor disagree,Agree,Disagree,Disagree,8
10,<10%,Disagree,Somewhat disagree,Strongly disagree,Disagree,Strongly disagree,Strongly disagree,Neither agree nor disagree,Neither agree nor disagree,Somewhat disagree,Strongly disagree,Strongly disagree,Strongly disagree,Disagree,Strongly disagree,Strongly disagree,2
11,0%,Strongly disagree,Strongly disagree,Strongly disagree,Strongly disagree,Strongly disagree,Strongly disagree,Strongly disagree,Strongly disagree,Strongly disagree,Strongly disagree,Strongly disagree,Strongly disagree,Strongly disagree,Strongly disagree,Strongly disagree,0
12,10-20%,Disagree,Somewhat disagree,Neither agree nor disagree,Somewhat disagree,Neither agree nor disagree,Somewhat disagree,Somewhat agree,Somewhat agree,Somewhat agree,Neither agree nor disagree,Neither agree nor disagree,Somewhat disagree,Somewhat agree,Somewhat agree,Somewhat disagree,8
13,0%,Strongly disagree,Disagree,Disagree,Strongly disagree,Strongly disagree,Strongly disagree,Disagree,Disagree,Strongly disagree,Strongly disagree,Strongly disagree,Strongly disagree,Strongly disagree,Strongly disagree,Strongly disagree,1
14,10-20%,Somewhat agree,Neither agree nor disagree,Somewhat agree,Strongly disagree,Neither agree nor disagree,Somewhat agree,Somewhat agree,Somewhat agree,Agree,Strongly disagree,Strongly disagree,Disagree,Strongly disagree,Strongly disagree,Strongly disagree,7
15,10-20%,Disagree,Somewhat agree,Somewhat agree,Agree,Somewhat agree,Somewhat agree,Agree,Somewhat agree,Agree,Somewhat agree,Strongly disagree,Somewhat agree,Disagree,Disagree,Strongly disagree,
16,<10%,Neither agree nor disagree,Somewhat agree,Somewhat agree,Neither agree nor disagree,Somewhat disagree,Disagree,Agree,Agree,Neither agree nor disagree,Somewhat agree,Somewhat disagree,Neither agree nor disagree,Somewhat disagree,Somewhat disagree,Somewhat disagree,6
17,61-80%,Agree,Somewhat agree,Somewhat agree,Somewhat agree,Somewhat agree,Agree,Agree,Strongly agree,Agree,Agree,Somewhat agree,Disagree,Agree,Somewhat agree,Agree,9
18,41-60%,Somewhat agree,Somewhat agree,Somewhat agree,Somewhat agree,Somewhat agree,Somewhat agree,Somewhat agree,Somewhat agree,Somewhat agree,Somewhat agree,Somewhat agree,Somewhat agree,Somewhat agree,Strongly disagree,Somewhat agree,8
19,>80%,Somewhat agree,Somewhat agree,Neither agree nor disagree,Neither agree nor disagree,Neither agree nor disagree,Neither agree nor disagree,Neither agree nor disagree,Somewhat agree,Neither agree nor disagree,Neither agree nor disagree,Neither agree nor disagree,Neither agree nor disagree,Somewhat disagree,Neither agree nor disagree,Somewhat disagree,6
20,0%,Disagree,Disagree,Disagree,Disagree,Disagree,Disagree,Disagree,Disagree,Agree,Agree,Somewhat agree,Somewhat agree,Disagree,Disagree,Disagree,4
21,21-40%,Neither agree nor disagree,Neither agree nor disagree,Somewhat agree,Somewhat agree,Neither agree nor disagree,Somewhat agree,Agree,Somewhat disagree,Disagree,Neither agree nor disagree,Disagree,Strongly disagree,Disagree,Disagree,Disagree,9
22,<10%,Somewhat agree,Somewhat agree,Somewhat agree,Somewhat disagree,Agree,Somewhat disagree,Somewhat agree,Neither agree nor disagree,Somewhat agree,Neither agree nor disagree,Somewhat agree,Neither agree nor disagree,Neither agree nor disagree,Somewhat agree,Neither agree nor disagree,6
23,10-20%,Somewhat agree,Strongly disagree,Somewhat agree,Somewhat agree,Strongly disagree,Somewhat disagree,Strongly disagree,Somewhat disagree,Somewhat disagree,Disagree,Strongly disagree,Strongly disagree,Strongly disagree,Strongly disagree,Strongly disagree,9
24,<10%,Strongly disagree,Strongly disagree,Strongly disagree,Strongly disagree,Strongly disagree,Disagree,Strongly disagree,Disagree,Strongly disagree,Disagree,Strongly disagree,Strongly disagree,Strongly disagree,Strongly disagree,Strongly disagree,4
25,61-80%,Neither agree nor disagree,Neither agree nor disagree,Neither agree nor disagree,Somewhat disagree,Neither agree nor disagree,Neither agree nor disagree,Neither agree nor disagree,Neither agree nor disagree,Somewhat agree,Agree,Agree,Somewhat agree,Agree,Somewhat disagree,Agree,6
26,61-80%,Strongly disagree,Disagree,Somewhat disagree,Disagree,Disagree,Somewhat agree,Strongly disagree,Strongly disagree,Disagree,Strongly disagree,Strongly disagree,Strongly disagree,Strongly disagree,Strongly agree,Somewhat disagree,4
27,<10%,Neither agree nor disagree,Somewhat agree,Strongly agree,Neither agree nor disagree,Somewhat disagree,Somewhat agree,Strongly disagree,Agree,Strongly agree,Neither agree nor disagree,Disagree,Somewhat agree,Somewhat agree,Disagree,Somewhat agree,8
28,10-20%,Neither agree nor disagree,Disagree,Neither agree nor disagree,Disagree,Disagree,Disagree,Neither agree nor disagree,Neither agree nor disagree,Somewhat agree,Disagree,Strongly disagree,Strongly disagree,Disagree,Disagree,Disagree,6
29,>80%,Somewhat agree,Somewhat agree,Somewhat agree,Somewhat agree,Neither agree nor disagree,Somewhat agree,Somewhat agree,Neither agree nor disagree,Somewhat agree,Neither agree nor disagree,Neither agree nor disagree,Somewhat disagree,Somewhat disagree,Somewhat agree,Somewhat agree,7
30,0%,Strongly disagree,Somewhat disagree,Disagree,Neither agree nor disagree,Neither agree nor disagree,Neither agree nor disagree,Strongly disagree,Neither agree nor disagree,Somewhat disagree,Disagree,Disagree,Strongly disagree,Disagree,Disagree,Disagree,7
31,0%,Somewhat agree,Agree,Neither agree nor disagree,Neither agree nor disagree,Strongly agree,Agree,Neither agree nor disagree,Somewhat agree,Agree,Agree,Somewhat agree,Agree,Neither agree nor disagree,Somewhat disagree,Somewhat agree,6
32,41-60%,Somewhat disagree,Somewhat agree,Somewhat disagree,Somewhat disagree,Disagree,Somewhat agree,Disagree,Agree,Somewhat agree,Agree,Somewhat agree,Somewhat agree,Somewhat disagree,Somewhat disagree,Disagree,5
33,<10%,Agree,Agree,Somewhat agree,Somewhat disagree,Somewhat agree,Agree,Neither agree nor disagree,Somewhat agree,Somewhat disagree,Agree,Somewhat agree,Somewhat disagree,Neither agree nor disagree,Agree,Somewhat agree,3
34,<10%,Disagree,Neither agree nor disagree,Somewhat agree,Disagree,Somewhat agree,Disagree,Neither agree nor disagree,Neither agree nor disagree,Neither agree nor disagree,Neither agree nor disagree,Disagree,Disagree,Somewhat agree,Strongly agree,Disagree,5
35,41-60%,Neither agree nor disagree,Somewhat agree,Agree,Somewhat disagree,Agree,Somewhat agree,Agree,Somewhat disagree,Somewhat agree,Neither agree nor disagree,Agree,Disagree,Strongly disagree,Agree,Somewhat disagree,8
36,10-20%,Strongly disagree,Somewhat disagree,Neither agree nor disagree,Strongly disagree,Strongly disagree,Strongly disagree,Neither agree nor disagree,Neither agree nor disagree,Somewhat disagree,Neither agree nor disagree,Disagree,Strongly disagree,Somewhat disagree,Disagree,Disagree,4
37,<10%,Somewhat agree,Neither agree nor disagree,Somewhat agree,Disagree,Agree,Neither agree nor disagree,Strongly agree,Somewhat agree,Strongly agree,Somewhat agree,Agree,Disagree,Strongly agree,Neither agree nor disagree,Neither agree nor disagree,6
38,<10%,Agree,Disagree,Neither agree nor disagree,Somewhat agree,Agree,Somewhat agree,Agree,Agree,Agree,Somewhat agree,Somewhat agree,Disagree,Neither agree nor disagree,Agree,Somewhat disagree,6
39,21-40%,Agree,Neither agree nor disagree,Agree,Agree,Neither agree nor disagree,Neither agree nor disagree,Somewhat agree,Somewhat agree,Somewhat agree,Neither agree nor disagree,Neither agree nor disagree,Somewhat disagree,Somewhat agree,Somewhat agree,Neither agree nor disagree,6
40,41-60%,Somewhat disagree,Somewhat agree,Somewhat agree,Somewhat disagree,Neither agree nor disagree,Somewhat disagree,Somewhat agree,Agree,Agree,Disagree,Somewhat disagree,Disagree,Somewhat disagree,Somewhat disagree,Somewhat agree,6
41,<10%,Neither agree nor disagree,Neither agree nor disagree,Neither agree nor disagree,Neither agree nor disagree,Neither agree nor disagree,Neither agree nor disagree,Neither agree nor disagree,Neither agree nor disagree,Neither agree nor disagree,Neither agree nor disagree,Neither agree nor disagree,Neither agree nor disagree,Somewhat agree,Neither agree nor disagree,Neither agree nor disagree,3
42,>80%,Neither agree nor disagree,Neither agree nor disagree,Neither agree nor disagree,Neither agree nor disagree,Neither agree nor disagree,Neither agree nor disagree,Neither agree nor disagree,Neither agree nor disagree,Neither agree nor disagree,Neither agree nor disagree,Neither agree nor disagree,Neither agree nor disagree,Neither agree nor disagree,Neither agree nor disagree,Neither agree nor disagree,1
43,Not relevant,,,,,,,,,,,,,,,,0
44,21-40%,Somewhat disagree,Somewhat disagree,Somewhat disagree,Strongly disagree,Strongly disagree,Disagree,Neither agree nor disagree,Somewhat disagree,Neither agree nor disagree,Somewhat agree,Somewhat agree,Somewhat disagree,Somewhat agree,Somewhat agree,Somewhat disagree,7
45,<10%,Somewhat agree,Somewhat disagree,Neither agree nor disagree,Agree,Disagree,Disagree,Somewhat agree,Disagree,Somewhat agree,Agree,Somewhat agree,Agree,Somewhat agree,Disagree,Disagree,2
46,10-20%,Disagree,Agree,Somewhat agree,Disagree,Neither agree nor disagree,Disagree,Neither agree nor disagree,Somewhat agree,Neither agree nor disagree,Disagree,Strongly disagree,Disagree,Agree,Strongly disagree,Disagree,8
47,<10%,Somewhat agree,Agree,Disagree,Disagree,Somewhat disagree,Disagree,Somewhat agree,Agree,Agree,Disagree,Somewhat disagree,Somewhat disagree,Disagree,Somewhat disagree,Neither agree nor disagree,3
48,10-20%,Disagree,Disagree,Strongly disagree,Disagree,Strongly disagree,Disagree,Strongly disagree,Disagree,Disagree,Neither agree nor disagree,Neither agree nor disagree,Disagree,Somewhat disagree,Somewhat agree,Somewhat disagree,0
49,41-60%,Somewhat agree,Agree,Somewhat agree,Disagree,Agree,Neither agree nor disagree,Agree,Neither agree nor disagree,Agree,Somewhat agree,Somewhat agree,Somewhat disagree,Disagree,Disagree,Strongly agree,7
50,10-20%,Disagree,Somewhat agree,Disagree,Disagree,Disagree,Somewhat disagree,Somewhat disagree,Somewhat agree,Disagree,Somewhat agree,Disagree,Disagree,Somewhat disagree,Disagree,Disagree,8
51,<10%,Somewhat agree,Agree,Somewhat agree,Strongly disagree,Strongly disagree,Strongly disagree,Strongly disagree,Somewhat disagree,Strongly disagree,Strongly disagree,Somewhat agree,Strongly disagree,Strongly disagree,Strongly agree,Somewhat agree,8
52,<10%,Neither agree nor disagree,Somewhat disagree,Disagree,Somewhat disagree,Somewhat agree,Agree,Somewhat agree,Somewhat agree,Agree,Somewhat agree,Somewhat agree,Somewhat agree,Somewhat disagree,Somewhat disagree,Disagree,6
53,0%,Strongly disagree,Strongly disagree,Strongly disagree,Strongly disagree,Strongly disagree,Strongly disagree,Strongly disagree,Strongly disagree,Strongly disagree,Strongly disagree,Strongly disagree,Strongly disagree,Strongly disagree,Strongly disagree,Strongly disagree,6
54,<10%,Somewhat disagree,Somewhat agree,Somewhat agree,Neither agree nor disagree,Somewhat disagree,Somewhat disagree,Somewhat agree,Somewhat disagree,Neither agree nor disagree,Somewhat agree,Somewhat disagree,Somewhat disagree,Somewhat disagree,Somewhat disagree,Neither agree nor disagree,6
55,<10%,Disagree,Strongly disagree,Somewhat agree,Disagree,Somewhat disagree,Neither agree nor disagree,Agree,Somewhat agree,Somewhat agree,Strongly disagree,Disagree,Strongly disagree,Strongly disagree,Strongly disagree,Disagree,5
56,41-60%,Somewhat agree,Somewhat agree,Neither agree nor disagree,Somewhat agree,Somewhat disagree,Somewhat agree,Neither agree nor disagree,Neither agree nor disagree,Neither agree nor disagree,Somewhat agree,Somewhat agree,Neither agree nor disagree,Somewhat agree,Somewhat agree,Somewhat agree,5
57,<10%,Somewhat agree,Neither agree nor disagree,Somewhat agree,Strongly disagree,Disagree,Disagree,Strongly disagree,Strongly disagree,Disagree,Somewhat disagree,Somewhat agree,Strongly disagree,Disagree,Somewhat disagree,Disagree,6
58,21-40%,Neither agree nor disagree,Agree,Somewhat agree,Somewhat agree,Neither agree nor disagree,Agree,Strongly agree,Somewhat agree,Neither agree nor disagree,Somewhat agree,Neither agree nor disagree,Somewhat disagree,Somewhat agree,Somewhat disagree,Somewhat disagree,8
59,41-60%,Agree,Agree,Agree,Neither agree nor disagree,Somewhat agree,Somewhat agree,Neither agree nor disagree,Disagree,Agree,Agree,Agree,Somewhat agree,Somewhat agree,Agree,Agree,6
60,41-60%,Agree,Agree,Agree,Somewhat agree,Strongly agree,Strongly agree,Agree,Agree,Strongly agree,Agree,Neither agree nor disagree,Agree,Somewhat disagree,Agree,Agree,7
61,<10%,Strongly disagree,Strongly disagree,Strongly disagree,Strongly disagree,Strongly disagree,Strongly disagree,Strongly disagree,Strongly disagree,Strongly disagree,Strongly disagree,Strongly disagree,Strongly disagree,Strongly disagree,Strongly disagree,Strongly disagree,9
62,0%,Neither agree nor disagree,Neither agree nor disagree,Neither agree nor disagree,Neither agree nor disagree,Neither agree nor disagree,Neither agree nor disagree,Strongly disagree,Neither agree nor disagree,Neither agree nor disagree,Strongly disagree,Neither agree nor disagree,Strongly disagree,Strongly disagree,Strongly disagree,Strongly disagree,5
63,<10%,Strongly disagree,Disagree,Strongly disagree,Strongly disagree,Strongly disagree,Strongly disagree,Strongly disagree,Strongly disagree,Disagree,Strongly disagree,Strongly disagree,Strongly disagree,Strongly disagree,Strongly agree,Strongly disagree,5
64,<10%,Agree,Agree,Agree,Somewhat disagree,Agree,Somewhat agree,Somewhat agree,Somewhat agree,Somewhat agree,Somewhat agree,Agree,Agree,Agree,Agree,Agree,7
65,10-20%,Strongly disagree,Disagree,Strongly disagree,Strongly disagree,Strongly disagree,Strongly disagree,Strongly disagree,Strongly disagree,Somewhat agree,Somewhat agree,Somewhat disagree,Disagree,Strongly disagree,Strongly agree,Strongly disagree,8
66,10-20%,Somewhat agree,Somewhat agree,Somewhat agree,Neither agree nor disagree,Neither agree nor disagree,Somewhat agree,Somewhat agree,Neither agree nor disagree,Strongly agree,Neither agree nor disagree,Somewhat agree,Somewhat disagree,Somewhat disagree,Somewhat agree,Somewhat disagree,5
67,0%,Strongly disagree,Strongly disagree,Strongly disagree,Strongly disagree,Strongly disagree,Strongly disagree,Strongly disagree,Strongly disagree,Strongly disagree,Strongly disagree,Strongly disagree,Strongly disagree,Strongly disagree,Strongly disagree,Strongly disagree,2
68,<10%,Somewhat agree,Somewhat agree,Neither agree nor disagree,Disagree,Neither agree nor disagree,Neither agree nor disagree,Somewhat agree,Somewhat agree,Somewhat agree,Somewhat agree,Somewhat disagree,Neither agree nor disagree,Neither agree nor disagree,Somewhat agree,Somewhat agree,1
69,<10%,Disagree,Neither agree nor disagree,Somewhat disagree,Neither agree nor disagree,Somewhat disagree,Somewhat agree,Somewhat disagree,Disagree,Somewhat agree,Somewhat agree,Agree,Somewhat disagree,Somewhat agree,Disagree,Somewhat agree,6
70,10-20%,Agree,Neither agree nor disagree,Somewhat agree,Disagree,Disagree,Somewhat disagree,Neither agree nor disagree,Disagree,Neither agree nor disagree,Somewhat disagree,Neither agree nor disagree,Somewhat disagree,Somewhat disagree,Somewhat disagree,Neither agree nor disagree,4
71,61-80%,Agree,Somewhat agree,Somewhat agree,Agree,Somewhat disagree,Agree,Somewhat disagree,Agree,Neither agree nor disagree,Somewhat agree,Somewhat agree,Somewhat agree,Somewhat agree,Somewhat agree,Somewhat agree,7
72,0%,Neither agree nor disagree,Somewhat disagree,Somewhat disagree,Strongly disagree,Strongly disagree,Disagree,Neither agree nor disagree,Somewhat disagree,Somewhat agree,Disagree,Strongly disagree,Strongly disagree,Strongly disagree,Disagree,Disagree,1
73,0%,Strongly disagree,Somewhat disagree,Disagree,Somewhat disagree,Disagree,Somewhat disagree,Somewhat disagree,Strongly disagree,Somewhat disagree,Strongly disagree,Disagree,Strongly disagree,Strongly disagree,Strongly disagree,Strongly disagree,4
74,10-20%,Disagree,Disagree,Disagree,Disagree,Disagree,Disagree,Disagree,Disagree,Somewhat disagree,Disagree,Somewhat disagree,Disagree,Disagree,Somewhat disagree,Disagree,3
75,0%,Disagree,Disagree,Neither agree nor disagree,Strongly disagree,Disagree,Disagree,Somewhat agree,Somewhat agree,Agree,Disagree,Disagree,Strongly disagree,Disagree,Strongly disagree,Strongly disagree,6
76,<10%,Somewhat agree,Strongly disagree,Disagree,Strongly disagree,Disagree,Disagree,Strongly disagree,Strongly disagree,Strongly disagree,Strongly disagree,Strongly disagree,Strongly disagree,Strongly disagree,Strongly agree,Strongly disagree,7
78,10-20%,Somewhat agree,Strongly disagree,Somewhat disagree,Neither agree nor disagree,Somewhat disagree,Disagree,Somewhat agree,Agree,Somewhat disagree,Neither agree nor disagree,Strongly disagree,Disagree,Strongly disagree,Somewhat disagree,Disagree,8
79,41-60%,Strongly disagree,Somewhat disagree,Strongly disagree,Neither agree nor disagree,Disagree,Neither agree nor disagree,Disagree,Strongly disagree,Disagree,Disagree,Strongly disagree,Strongly disagree,Disagree,Strongly disagree,Somewhat disagree,3
80,0%,Disagree,Disagree,Disagree,Somewhat disagree,Disagree,Somewhat agree,Strongly disagree,Disagree,Disagree,Disagree,Disagree,Disagree,Disagree,Disagree,Disagree,3
81,0%,Somewhat disagree,Strongly disagree,Strongly disagree,Strongly disagree,Disagree,Neither agree nor disagree,Strongly disagree,Strongly disagree,Neither agree nor disagree,Strongly disagree,Neither agree nor disagree,Strongly disagree,Strongly disagree,Strongly disagree,Strongly disagree,8
82,<10%,Disagree,Disagree,Somewhat disagree,Disagree,Strongly disagree,Neither agree nor disagree,Somewhat disagree,Somewhat agree,Somewhat agree,Disagree,Somewhat disagree,Disagree,Disagree,Somewhat disagree,Disagree,8
83,21-40%,Somewhat agree,Neither agree nor disagree,Agree,Disagree,Neither agree nor disagree,Somewhat disagree,Agree,Somewhat agree,Disagree,Agree,Agree,Agree,Agree,Somewhat agree,Somewhat agree,2
84,100%,Somewhat agree,Somewhat agree,Agree,Neither agree nor disagree,Strongly agree,Strongly agree,Neither agree nor disagree,Neither agree nor disagree,Strongly agree,Neither agree nor disagree,Agree,Agree,Agree,Strongly agree,Neither agree nor disagree,8
85,0%,Disagree,Strongly disagree,Strongly disagree,Strongly disagree,Strongly disagree,Strongly disagree,Disagree,Disagree,Disagree,Strongly disagree,Strongly disagree,Strongly disagree,Disagree,Strongly disagree,Strongly disagree,5
86,41-60%,Disagree,Agree,Somewhat agree,Disagree,Somewhat disagree,Disagree,Agree,Disagree,Agree,Somewhat disagree,Disagree,Neither agree nor disagree,Somewhat agree,Disagree,Neither agree nor disagree,6
87,21-40%,Disagree,Somewhat agree,Somewhat agree,Disagree,Disagree,Somewhat agree,Somewhat agree,Somewhat disagree,Somewhat agree,Somewhat agree,Neither agree nor disagree,Somewhat agree,Somewhat agree,Disagree,Disagree,5
88,>80%,Agree,Agree,Strongly agree,Somewhat disagree,Somewhat disagree,Somewhat agree,Strongly agree,Strongly agree,Strongly agree,Strongly agree,Agree,Somewhat agree,Strongly agree,Agree,Agree,9
89,41-60%,Somewhat agree,Somewhat agree,Somewhat disagree,Neither agree nor disagree,Disagree,Somewhat agree,Somewhat agree,Somewhat agree,Somewhat agree,Somewhat disagree,Somewhat disagree,Somewhat agree,Disagree,Disagree,Disagree,8
90,<10%,Somewhat disagree,Somewhat agree,Somewhat disagree,Somewhat disagree,Somewhat agree,Somewhat agree,Somewhat agree,Somewhat agree,Somewhat agree,Somewhat agree,Somewhat disagree,Somewhat disagree,Somewhat disagree,Somewhat agree,Somewhat disagree,7
91,10-20%,Strongly disagree,Disagree,Disagree,Somewhat agree,Neither agree nor disagree,Somewhat disagree,Disagree,Somewhat agree,Strongly disagree,Somewhat agree,Somewhat agree,Disagree,Neither agree nor disagree,Somewhat agree,Neither agree nor disagree,6
92,<10%,Strongly disagree,Strongly disagree,Strongly disagree,Strongly disagree,Disagree,Strongly disagree,Strongly disagree,Strongly disagree,Strongly disagree,Strongly disagree,Strongly disagree,Strongly disagree,Strongly disagree,Strongly disagree,Strongly disagree,6
93,Not relevant,,,,,,,,,,,,,,,,7
94,0%,Disagree,Disagree,Strongly disagree,Strongly disagree,Strongly disagree,Strongly disagree,Disagree,Strongly disagree,Strongly disagree,Strongly disagree,Disagree,Disagree,Disagree,Strongly disagree,Disagree,6
95,<10%,Disagree,Neither agree nor disagree,Disagree,Disagree,Strongly disagree,Disagree,Somewhat agree,Agree,Somewhat agree,Strongly disagree,Strongly disagree,Strongly disagree,Disagree,Disagree,Disagree,5
96,41-60%,Neither agree nor disagree,Somewhat disagree,Somewhat agree,Neither agree nor disagree,Somewhat disagree,Somewhat agree,Disagree,Disagree,Disagree,Somewhat agree,Agree,Somewhat agree,Somewhat disagree,Somewhat agree,Somewhat disagree,7
97,<10%,Somewhat agree,Strongly disagree,Neither agree nor disagree,Strongly disagree,Somewhat agree,Somewhat agree,Neither agree nor disagree,Somewhat agree,Neither agree nor disagree,Strongly disagree,Somewhat agree,Neither agree nor disagree,Agree,Neither agree nor disagree,Strongly disagree,8
98,Not relevant,,,,,,,,,,,,,,,,5
99,0%,Strongly disagree,Strongly disagree,Strongly disagree,Strongly disagree,Agree,Strongly disagree,Strongly disagree,Strongly disagree,Somewhat agree,Strongly disagree,Strongly disagree,Strongly disagree,Strongly disagree,Strongly agree,Strongly disagree,0
100,<10%,Disagree,Somewhat disagree,Disagree,Strongly disagree,Strongly disagree,Disagree,Strongly disagree,Disagree,Strongly disagree,Neither agree nor disagree,Somewhat disagree,Disagree,Neither agree nor disagree,Neither agree nor disagree,Disagree,7
101,41-60%,Somewhat disagree,Strongly disagree,Neither agree nor disagree,Neither agree nor disagree,Neither agree nor disagree,Neither agree nor disagree,Somewhat agree,Neither agree nor disagree,Neither agree nor disagree,Neither agree nor disagree,Somewhat agree,Strongly disagree,Somewhat agree,Strongly disagree,Strongly disagree,6
102,<10%,Strongly disagree,Strongly disagree,Strongly disagree,Strongly disagree,Strongly disagree,Strongly disagree,Strongly disagree,Strongly disagree,Strongly disagree,Strongly disagree,Strongly disagree,Disagree,Strongly disagree,Strongly disagree,Strongly disagree,1
103,10-20%,Somewhat agree,Somewhat agree,Somewhat agree,Strongly disagree,Somewhat agree,Somewhat disagree,Somewhat agree,Agree,Strongly disagree,Disagree,Somewhat disagree,Disagree,Strongly disagree,Strongly disagree,Somewhat agree,6
104,<10%,Somewhat disagree,Somewhat disagree,Somewhat agree,Strongly disagree,Strongly disagree,Disagree,Disagree,Somewhat disagree,Somewhat disagree,Somewhat disagree,Disagree,Strongly disagree,Neither agree nor disagree,Strongly disagree,Strongly disagree,7
105,0%,Disagree,Strongly disagree,Strongly disagree,Disagree,Strongly disagree,Strongly disagree,Strongly disagree,Somewhat disagree,Disagree,Strongly disagree,Strongly disagree,Strongly disagree,Strongly disagree,Disagree,Strongly disagree,5
106,21-40%,Neither agree nor disagree,Neither agree nor disagree,Neither agree nor disagree,Neither agree nor disagree,Neither agree nor disagree,Neither agree nor disagree,Somewhat disagree,Neither agree nor disagree,Somewhat disagree,Somewhat disagree,Neither agree nor disagree,Neither agree nor disagree,Neither agree nor disagree,Neither agree nor disagree,Neither agree nor disagree,6
107,41-60%,Somewhat agree,Somewhat agree,Somewhat agree,Neither agree nor disagree,Agree,Agree,Agree,Somewhat agree,Neither agree nor disagree,Agree,Somewhat agree,Somewhat agree,Somewhat agree,Neither agree nor disagree,Somewhat agree,7
108,<10%,Disagree,Somewhat disagree,Strongly disagree,Agree,Disagree,Somewhat disagree,Neither agree nor disagree,Somewhat disagree,Neither agree nor disagree,Somewhat agree,Agree,Neither agree nor disagree,Somewhat agree,Somewhat disagree,Neither agree nor disagree,4
109,Not relevant,,,,,,,,,,,,,,,,8
110,Not relevant,,,,,,,,,,,,,,,,3
111,Not relevant,,,,,,,,,,,,,,,,4
112,Not relevant,,,,,,,,,,,,,,,,9
113,0%,Strongly disagree,Neither agree nor disagree,Strongly disagree,Strongly disagree,Strongly disagree,Strongly disagree,Strongly disagree,Strongly disagree,Strongly disagree,Strongly disagree,Strongly disagree,Strongly disagree,Strongly disagree,Strongly disagree,Strongly disagree,0
114,<10%,Somewhat disagree,Somewhat agree,Somewhat disagree,Disagree,Strongly disagree,Disagree,Somewhat agree,Somewhat agree,Somewhat agree,Somewhat disagree,Somewhat disagree,Disagree,Somewhat agree,Disagree,Somewhat disagree,6
115,0%,Neither agree nor disagree,Neither agree nor disagree,Neither agree nor disagree,Neither agree nor disagree,Neither agree nor disagree,Neither agree nor disagree,Neither agree nor disagree,Somewhat disagree,Neither agree nor disagree,Neither agree nor disagree,Neither agree nor disagree,Neither agree nor disagree,Neither agree nor disagree,Neither agree nor disagree,Neither agree nor disagree,5
116,<10%,Somewhat disagree,Disagree,Neither agree nor disagree,Strongly disagree,Strongly disagree,Disagree,Strongly disagree,Disagree,Strongly disagree,Somewhat disagree,Somewhat disagree,Strongly disagree,Agree,Somewhat disagree,Strongly disagree,1
117,21-40%,Strongly agree,Somewhat agree,Agree,Agree,Agree,Agree,Agree,Strongly agree,Agree,Agree,Strongly disagree,Agree,Strongly agree,Strongly agree,Somewhat agree,8
118,<10%,Disagree,Disagree,Disagree,Somewhat agree,Somewhat disagree,Somewhat agree,Neither agree nor disagree,Disagree,Somewhat agree,Somewhat agree,Strongly disagree,Strongly disagree,Somewhat disagree,Strongly disagree,Somewhat disagree,0
119,<10%,Disagree,Disagree,Disagree,Strongly disagree,Disagree,Disagree,Strongly disagree,Disagree,Somewhat disagree,Somewhat disagree,Disagree,Disagree,Neither agree nor disagree,Disagree,Disagree,1
120,21-40%,Neither agree nor disagree,Neither agree nor disagree,Neither agree nor disagree,Neither agree nor disagree,Somewhat agree,Neither agree nor disagree,Somewhat agree,Somewhat agree,Strongly agree,Neither agree nor disagree,Neither agree nor disagree,Neither agree nor disagree,Somewhat agree,Neither agree nor disagree,Neither agree nor disagree,3
121,<10%,Strongly disagree,Strongly disagree,Agree,Neither agree nor disagree,Somewhat agree,Somewhat disagree,Strongly disagree,Somewhat agree,Neither agree nor disagree,Disagree,Strongly disagree,Strongly disagree,Strongly disagree,Strongly disagree,Strongly disagree,4
122,0%,Strongly disagree,Strongly disagree,Strongly disagree,Strongly disagree,Strongly disagree,Strongly disagree,Disagree,Disagree,Disagree,Disagree,Disagree,Disagree,Disagree,Disagree,Strongly disagree,2
123,41-60%,Somewhat disagree,Somewhat agree,Somewhat disagree,Strongly disagree,Strongly disagree,Disagree,Strongly disagree,Somewhat disagree,Strongly disagree,Somewhat agree,Strongly agree,Somewhat agree,Disagree,Disagree,Somewhat disagree,5
124,0%,Strongly disagree,Strongly disagree,Strongly disagree,Strongly disagree,Strongly disagree,Strongly disagree,Strongly disagree,Strongly disagree,Strongly disagree,Strongly disagree,Disagree,Strongly disagree,Strongly disagree,Strongly disagree,Strongly disagree,3
125,10-20%,Strongly disagree,Strongly disagree,Disagree,Disagree,Disagree,Somewhat disagree,Disagree,Strongly disagree,Disagree,Strongly disagree,Strongly disagree,Strongly disagree,Strongly disagree,Strongly disagree,Strongly disagree,4
126,21-40%,Somewhat agree,Somewhat disagree,Somewhat agree,Disagree,Somewhat agree,Agree,Agree,Somewhat agree,Agree,Somewhat agree,Somewhat disagree,Disagree,Disagree,Somewhat disagree,Somewhat agree,4
127,61-80%,Somewhat agree,Agree,Somewhat agree,Neither agree nor disagree,Agree,Neither agree nor disagree,Neither agree nor disagree,Somewhat agree,Neither agree nor disagree,Somewhat disagree,Somewhat agree,Neither agree nor disagree,Somewhat agree,Somewhat agree,Neither agree nor disagree,9
128,41-60%,Somewhat agree,Somewhat agree,Somewhat disagree,Disagree,Somewhat disagree,Disagree,Somewhat agree,Agree,Agree,Somewhat disagree,Neither agree nor disagree,Somewhat agree,Neither agree nor disagree,Somewhat disagree,Neither agree nor disagree,5
129,10-20%,Neither agree nor disagree,Disagree,Disagree,Disagree,Disagree,Disagree,Somewhat disagree,Disagree,Disagree,Disagree,Strongly disagree,Disagree,Disagree,Disagree,Somewhat disagree,7
130,<10%,Disagree,Disagree,Disagree,Disagree,Disagree,Disagree,Strongly disagree,Disagree,Disagree,Disagree,Disagree,Disagree,Somewhat disagree,Neither agree nor disagree,Disagree,3
131,21-40%,Disagree,Somewhat agree,Agree,Neither agree nor disagree,Somewhat agree,Somewhat disagree,Somewhat agree,Agree,Neither agree nor disagree,Somewhat agree,Neither agree nor disagree,Neither agree nor disagree,Neither agree nor disagree,Somewhat agree,Neither agree nor disagree,7
133,21-40%,Disagree,Somewhat agree,Somewhat agree,Strongly disagree,Strongly disagree,Disagree,Somewhat agree,Somewhat agree,Somewhat agree,Agree,Agree,Strongly disagree,Disagree,Disagree,Somewhat agree,5
134,<10%,Disagree,Somewhat disagree,Disagree,Strongly disagree,Strongly disagree,Disagree,Somewhat agree,Disagree,Agree,Strongly disagree,Disagree,Strongly disagree,Strongly disagree,Strongly disagree,Strongly disagree,4
135,<10%,Neither agree nor disagree,Strongly disagree,Strongly disagree,Somewhat agree,Somewhat agree,Somewhat agree,Neither agree nor disagree,Somewhat disagree,Neither agree nor disagree,Strongly disagree,Strongly disagree,Strongly disagree,Strongly disagree,Strongly disagree,Strongly disagree,5
136,10-20%,Strongly disagree,Strongly disagree,Strongly disagree,Strongly disagree,Strongly disagree,Strongly disagree,Strongly disagree,Strongly disagree,Strongly disagree,Disagree,Strongly disagree,Disagree,Strongly disagree,Strongly disagree,Strongly disagree,6
137,<10%,Somewhat agree,Somewhat disagree,Somewhat agree,Disagree,Somewhat disagree,Disagree,Somewhat agree,Somewhat agree,Somewhat agree,Somewhat agree,Somewhat disagree,Somewhat agree,Somewhat agree,Somewhat agree,Somewhat disagree,4
138,<10%,Disagree,Disagree,Disagree,Strongly disagree,Strongly disagree,Strongly disagree,Strongly disagree,Disagree,Strongly disagree,Strongly disagree,Strongly disagree,Disagree,Disagree,Agree,Disagree,7
139,41-60%,Somewhat disagree,Disagree,Disagree,Somewhat disagree,Disagree,Somewhat disagree,Neither agree nor disagree,Neither agree nor disagree,Disagree,Disagree,Neither agree nor disagree,Somewhat disagree,Neither agree nor disagree,Somewhat disagree,Neither agree nor disagree,5
140,0%,Disagree,Disagree,Disagree,Disagree,Disagree,Neither agree nor disagree,Disagree,Somewhat disagree,Somewhat agree,Disagree,Disagree,Disagree,Disagree,Somewhat disagree,Disagree,7
141,Not relevant,,,,,,,,,,,,,,,,1
142,21-40%,Somewhat agree,Neither agree nor disagree,Somewhat agree,Disagree,Disagree,Disagree,Disagree,Somewhat disagree,Somewhat agree,Somewhat disagree,Somewhat disagree,Somewhat disagree,Disagree,Disagree,Neither agree nor disagree,4
143,0%,Strongly disagree,Strongly disagree,Strongly disagree,Strongly disagree,Strongly disagree,Strongly disagree,Disagree,Strongly disagree,Disagree,Disagree,Disagree,Strongly disagree,Strongly disagree,Disagree,Strongly disagree,7
144,Not relevant,,,,,,,,,,,,,,,,3
145,<10%,Disagree,Somewhat agree,Agree,Disagree,Disagree,Somewhat agree,Strongly disagree,Strongly disagree,Somewhat disagree,Neither agree nor disagree,Disagree,Somewhat agree,Disagree,Somewhat agree,Disagree,8
146,41-60%,Strongly agree,Somewhat agree,Somewhat agree,Somewhat agree,Somewhat agree,Somewhat agree,Somewhat agree,Somewhat agree,Somewhat agree,Somewhat agree,Somewhat agree,Somewhat agree,Somewhat agree,Somewhat agree,Somewhat agree,0
147,21-40%,Disagree,Disagree,Somewhat agree,Disagree,Somewhat disagree,Somewhat agree,Disagree,Somewhat disagree,Disagree,Somewhat agree,Somewhat agree,Disagree,Somewhat agree,Disagree,Somewhat disagree,6
148,<10%,Disagree,Disagree,Disagree,Strongly disagree,Strongly disagree,Strongly disagree,Disagree,Strongly disagree,Strongly disagree,Disagree,Disagree,Disagree,Disagree,Strongly disagree,Strongly disagree,3
149,<10%,Strongly disagree,Somewhat disagree,Strongly disagree,Strongly disagree,Strongly disagree,Strongly disagree,Disagree,Disagree,Strongly disagree,Strongly disagree,Strongly disagree,Strongly disagree,Strongly disagree,Strongly disagree,Strongly disagree,5
150,<10%,Neither agree nor disagree,Disagree,Disagree,Strongly disagree,Strongly disagree,Strongly disagree,Strongly disagree,Disagree,Disagree,Somewhat agree,Strongly disagree,Strongly disagree,Somewhat agree,Neither agree nor disagree,Somewhat disagree,5
151,10-20%,Agree,Somewhat agree,Somewhat agree,Disagree,Somewhat disagree,Disagree,Somewhat disagree,Neither agree nor disagree,Somewhat agree,Neither agree nor disagree,Somewhat agree,Neither agree nor disagree,Somewhat disagree,Somewhat disagree,Disagree,4
153,21-40%,Somewhat agree,Agree,Somewhat agree,Disagree,Disagree,Somewhat disagree,Agree,Agree,Agree,Strongly agree,Agree,Strongly disagree,Agree,Somewhat agree,Strongly disagree,7
154,>80%,Agree,Somewhat agree,Strongly agree,Agree,Somewhat agree,Agree,Neither agree nor disagree,Somewhat agree,Somewhat agree,Agree,Neither agree nor disagree,Somewhat agree,Neither agree nor disagree,Somewhat agree,Agree,7
156,10-20%,Somewhat agree,Somewhat agree,Somewhat agree,Disagree,Strongly disagree,Disagree,Somewhat agree,Neither agree nor disagree,Somewhat agree,Somewhat disagree,Somewhat agree,Disagree,Somewhat disagree,Somewhat disagree,Somewhat disagree,5
157,<10%,Strongly disagree,Disagree,Strongly disagree,Disagree,Disagree,Disagree,Disagree,Disagree,Disagree,Strongly disagree,Somewhat disagree,Disagree,Strongly disagree,Strongly disagree,Strongly disagree,4
158,<10%,Neither agree nor disagree,Disagree,Somewhat disagree,Disagree,Disagree,Neither agree nor disagree,Somewhat agree,Somewhat agree,Somewhat disagree,Strongly disagree,Somewhat disagree,Disagree,Disagree,Somewhat agree,Disagree,2
159,0%,Strongly disagree,Strongly disagree,Strongly disagree,Strongly disagree,Strongly disagree,Strongly disagree,Strongly disagree,Strongly disagree,Strongly disagree,Strongly disagree,Strongly disagree,Strongly disagree,Strongly disagree,Strongly disagree,Strongly disagree,3
160,<10%,Somewhat agree,Neither agree nor disagree,Somewhat disagree,Strongly disagree,Disagree,Disagree,Disagree,Disagree,Disagree,Disagree,Strongly disagree,Strongly disagree,Disagree,Disagree,Strongly disagree,5
161,21-40%,Somewhat disagree,Strongly agree,Somewhat agree,Somewhat disagree,Neither agree nor disagree,Neither agree nor disagree,Somewhat disagree,Somewhat agree,Somewhat disagree,Neither agree nor disagree,Somewhat agree,Strongly agree,Agree,Neither agree nor disagree,Agree,6
162,<10%,Somewhat disagree,Strongly disagree,Somewhat agree,Somewhat agree,Somewhat disagree,Strongly disagree,Somewhat agree,Somewhat disagree,Somewhat agree,Agree,Strongly disagree,Strongly disagree,Agree,Agree,Somewhat disagree,9
163,10-20%,Somewhat agree,Somewhat agree,Somewhat agree,Somewhat agree,Agree,Somewhat agree,Somewhat agree,Agree,Agree,Somewhat agree,Disagree,Disagree,Somewhat agree,Somewhat agree,Somewhat agree,5
164,0%,Somewhat disagree,Disagree,Somewhat disagree,Disagree,Disagree,Somewhat disagree,Somewhat agree,Disagree,Somewhat agree,Disagree,Somewhat disagree,Somewhat disagree,Disagree,Somewhat disagree,Somewhat disagree,9
165,<10%,Disagree,Disagree,Strongly disagree,Disagree,Disagree,Disagree,Strongly disagree,Strongly disagree,Disagree,Disagree,Disagree,Strongly disagree,Disagree,Disagree,Disagree,1
166,21-40%,Somewhat agree,Somewhat agree,Agree,Neither agree nor disagree,Somewhat agree,Somewhat agree,Neither agree nor disagree,Neither agree nor disagree,Somewhat disagree,Somewhat agree,Somewhat disagree,Somewhat agree,Somewhat agree,Somewhat disagree,Neither agree nor disagree,4
167,<10%,Disagree,Neither agree nor disagree,Neither agree nor disagree,Strongly disagree,Strongly disagree,Strongly disagree,Strongly disagree,Strongly disagree,Neither agree nor disagree,Strongly disagree,Strongly disagree,Neither agree nor disagree,Neither agree nor disagree,Strongly disagree,Strongly disagree,2
168,<10%,Somewhat disagree,Somewhat disagree,Somewhat disagree,Somewhat disagree,Strongly disagree,Somewhat disagree,Disagree,Disagree,Disagree,Disagree,Somewhat agree,Somewhat agree,Disagree,Disagree,Disagree,6
169,10-20%,Neither agree nor disagree,Somewhat disagree,Somewhat agree,Neither agree nor disagree,Strongly agree,Somewhat agree,Strongly disagree,Strongly disagree,Somewhat agree,Agree,Neither agree nor disagree,Somewhat disagree,Somewhat agree,Somewhat disagree,Somewhat agree,6
170,10-20%,Somewhat disagree,Somewhat disagree,Somewhat disagree,Somewhat disagree,Somewhat disagree,Somewhat disagree,Somewhat disagree,Somewhat disagree,Somewhat disagree,Somewhat agree,Somewhat agree,Strongly disagree,Somewhat disagree,Disagree,Disagree,4
171,41-60%,Somewhat agree,Somewhat agree,Somewhat agree,Agree,Agree,Somewhat agree,Neither agree nor disagree,Somewhat agree,Agree,Agree,Agree,Agree,Neither agree nor disagree,Somewhat agree,Somewhat agree,4
172,<10%,Somewhat agree,Strongly disagree,Somewhat agree,Strongly disagree,Disagree,Disagree,Neither agree nor disagree,Strongly disagree,Strongly disagree,Somewhat agree,Strongly disagree,Neither agree nor disagree,Somewhat disagree,Neither agree nor disagree,Disagree,2
173,<10%,Somewhat agree,Agree,Disagree,Somewhat agree,Strongly disagree,Somewhat agree,Disagree,Strongly disagree,Somewhat agree,Strongly disagree,Strongly disagree,Disagree,Strongly disagree,Strongly disagree,Strongly disagree,2
174,10-20%,Neither agree nor disagree,Somewhat disagree,Somewhat disagree,Disagree,Somewhat disagree,Neither agree nor disagree,Neither agree nor disagree,Somewhat agree,Somewhat disagree,Neither agree nor disagree,Disagree,Somewhat disagree,Somewhat disagree,Neither agree nor disagree,Neither agree nor disagree,
175,<10%,Strongly disagree,Somewhat disagree,Disagree,Disagree,Strongly disagree,Disagree,Somewhat disagree,Disagree,Disagree,Disagree,Strongly disagree,Strongly disagree,Disagree,Somewhat disagree,Disagree,6
176,<10%,Disagree,Strongly disagree,Disagree,Strongly disagree,Strongly disagree,Strongly disagree,Disagree,Strongly disagree,Strongly disagree,Disagree,Strongly disagree,Disagree,Strongly disagree,Disagree,Strongly disagree,6
177,10-20%,Somewhat agree,Agree,Somewhat disagree,Somewhat disagree,Disagree,Disagree,Disagree,Disagree,Disagree,Disagree,Somewhat disagree,Somewhat disagree,Somewhat disagree,Somewhat disagree,Somewhat disagree,7
178,<10%,Disagree,Disagree,Disagree,Disagree,Disagree,Somewhat disagree,Disagree,Disagree,Neither agree nor disagree,Disagree,Somewhat agree,Disagree,Disagree,Disagree,Disagree,6
179,0%,Strongly disagree,Strongly disagree,Strongly disagree,Strongly disagree,Strongly disagree,Strongly disagree,Somewhat disagree,Agree,Strongly disagree,Strongly disagree,Strongly disagree,Strongly disagree,Strongly disagree,Strongly disagree,Strongly disagree,6
180,Not relevant,,,,,,,,,,,,,,,,6
181,<10%,Agree,Disagree,Agree,Agree,Disagree,Agree,Neither agree nor disagree,Disagree,Somewhat agree,Somewhat agree,Agree,Agree,Somewhat agree,Disagree,Somewhat agree,9
182,<10%,Agree,Somewhat agree,Disagree,Somewhat disagree,Somewhat disagree,Somewhat agree,Agree,Somewhat disagree,Disagree,Strongly disagree,Disagree,Disagree,Neither agree nor disagree,Somewhat disagree,Neither agree nor disagree,8
183,61-80%,Agree,Agree,Somewhat disagree,Somewhat agree,Somewhat agree,Somewhat disagree,Neither agree nor disagree,Agree,Neither agree nor disagree,Agree,Agree,Neither agree nor disagree,Somewhat agree,Agree,Agree,8
184,0%,Somewhat agree,Somewhat agree,Strongly disagree,Somewhat agree,Somewhat agree,Somewhat agree,Agree,Strongly disagree,Agree,Strongly disagree,Strongly disagree,Strongly disagree,Strongly disagree,Strongly disagree,Strongly disagree,0
185,<10%,Disagree,Somewhat disagree,Neither agree nor disagree,Neither agree nor disagree,Somewhat agree,Neither agree nor disagree,Neither agree nor disagree,Somewhat disagree,Disagree,Strongly disagree,Disagree,Strongly disagree,Neither agree nor disagree,Disagree,Somewhat disagree,0
186,10-20%,Strongly disagree,Strongly disagree,Strongly disagree,Strongly disagree,Strongly disagree,Disagree,Disagree,Strongly disagree,Strongly disagree,Disagree,Strongly disagree,Strongly disagree,Strongly disagree,Disagree,Strongly disagree,5
187,<10%,Strongly agree,Strongly agree,Strongly agree,Strongly disagree,Somewhat agree,Agree,Strongly disagree,Somewhat disagree,Somewhat disagree,Strongly disagree,Strongly disagree,Disagree,Somewhat disagree,Somewhat agree,Strongly disagree,7
188,<10%,Somewhat agree,Somewhat agree,Somewhat disagree,Neither agree nor disagree,Somewhat disagree,Neither agree nor disagree,Somewhat agree,Somewhat agree,Somewhat disagree,Somewhat disagree,Somewhat disagree,Disagree,Disagree,Disagree,Disagree,6
189,21-40%,Somewhat disagree,Somewhat disagree,Somewhat agree,Neither agree nor disagree,Somewhat disagree,Somewhat agree,Disagree,Neither agree nor disagree,Neither agree nor disagree,Somewhat disagree,Somewhat agree,Disagree,Disagree,Somewhat disagree,Somewhat disagree,6
190,21-40%,Neither agree nor disagree,Somewhat agree,Somewhat agree,Agree,Somewhat agree,Neither agree nor disagree,Somewhat disagree,Somewhat disagree,Agree,Neither agree nor disagree,Neither agree nor disagree,Neither agree nor disagree,Somewhat agree,Somewhat agree,Somewhat agree,7
191,<10%,Strongly disagree,Somewhat disagree,Strongly disagree,Strongly disagree,Disagree,Neither agree nor disagree,Neither agree nor disagree,Disagree,Somewhat agree,Strongly disagree,Disagree,Strongly disagree,Strongly disagree,Strongly agree,Strongly disagree,6
192,10-20%,Somewhat agree,Neither agree nor disagree,Somewhat agree,Disagree,Somewhat disagree,Disagree,Somewhat agree,Neither agree nor disagree,Somewhat agree,Agree,Somewhat agree,Disagree,Neither agree nor disagree,Somewhat disagree,Disagree,7
193,0%,Disagree,Disagree,Neither agree nor disagree,Strongly disagree,Strongly disagree,Somewhat disagree,Disagree,Disagree,Disagree,Strongly disagree,Strongly disagree,Strongly disagree,Strongly disagree,Strongly disagree,Strongly disagree,1
194,0%,Strongly disagree,Strongly disagree,Strongly disagree,Strongly disagree,Strongly disagree,Neither agree nor disagree,Neither agree nor disagree,Disagree,Disagree,Strongly disagree,Neither agree nor disagree,Strongly disagree,Neither agree nor disagree,Strongly disagree,Strongly disagree,0
195,Not relevant,,,,,,,,,,,,,,,,3
196,Not relevant,,,,,,,,,,,,,,,,7
197,Not relevant,,,,,,,,,,,,,,,,2
198,0%,Strongly disagree,Strongly disagree,Neither agree nor disagree,Strongly disagree,Strongly disagree,Strongly disagree,Strongly disagree,Strongly disagree,Strongly disagree,Strongly disagree,Strongly disagree,Strongly disagree,Strongly disagree,Strongly disagree,Strongly disagree,0
199,41-60%,Somewhat agree,Agree,Agree,Agree,Neither agree nor disagree,Somewhat agree,Somewhat agree,Neither agree nor disagree,Agree,Agree,Neither agree nor disagree,Somewhat agree,Agree,Agree,Somewhat agree,8
200,<10%,Disagree,Disagree,Agree,Disagree,Disagree,Disagree,Disagree,Somewhat disagree,Somewhat agree,Disagree,Somewhat disagree,Disagree,Disagree,Disagree,Disagree,1
201,41-60%,Somewhat disagree,Somewhat agree,Somewhat agree,Somewhat disagree,Agree,Somewhat agree,Disagree,Neither agree nor disagree,Disagree,Agree,Agree,Agree,Disagree,Disagree,Somewhat agree,6
203,<10%,Disagree,Disagree,Somewhat disagree,Disagree,Disagree,Somewhat disagree,Disagree,Disagree,Somewhat disagree,Strongly disagree,Disagree,Strongly disagree,Strongly disagree,Strongly disagree,Disagree,5
204,61-80%,Agree,Agree,Neither agree nor disagree,Agree,Neither agree nor disagree,Agree,Agree,Agree,Agree,Somewhat agree,Somewhat disagree,Neither agree nor disagree,Somewhat agree,Agree,Agree,7
205,10-20%,Strongly disagree,Somewhat disagree,Neither agree nor disagree,Disagree,Strongly disagree,Strongly disagree,Strongly disagree,Strongly disagree,Somewhat disagree,Disagree,Disagree,Strongly disagree,Somewhat disagree,Agree,Disagree,9
206,21-40%,Neither agree nor disagree,Somewhat agree,Agree,Disagree,Somewhat agree,Disagree,Neither agree nor disagree,Neither agree nor disagree,Somewhat disagree,Somewhat agree,Agree,Somewhat agree,Somewhat disagree,Somewhat agree,Somewhat disagree,3
207,0%,Strongly disagree,Strongly disagree,Neither agree nor disagree,Strongly disagree,Strongly disagree,Strongly disagree,Strongly disagree,Strongly disagree,Strongly disagree,Strongly disagree,Strongly disagree,Strongly disagree,Strongly disagree,Strongly disagree,Strongly disagree,1
208,41-60%,Strongly disagree,Somewhat agree,Somewhat disagree,Disagree,Somewhat disagree,Somewhat disagree,Disagree,Strongly disagree,Strongly disagree,Disagree,Strongly disagree,Strongly disagree,Disagree,Disagree,Somewhat disagree,7
209,0%,Disagree,Strongly disagree,Strongly disagree,Strongly disagree,Strongly disagree,Strongly disagree,Strongly disagree,Strongly disagree,Strongly disagree,Strongly disagree,Strongly disagree,Strongly disagree,Strongly disagree,Strongly disagree,Strongly disagree,1
210,10-20%,Somewhat disagree,Somewhat agree,Somewhat agree,Disagree,Strongly disagree,Somewhat disagree,Somewhat agree,Disagree,Disagree,Disagree,Disagree,Disagree,Disagree,Disagree,Disagree,7
211,41-60%,Strongly agree,Strongly agree,Agree,Neither agree nor disagree,Agree,Somewhat agree,Agree,Agree,Strongly agree,Agree,Agree,Agree,Agree,Agree,Agree,9
212,41-60%,Neither agree nor disagree,Neither agree nor disagree,Somewhat agree,Neither agree nor disagree,Somewhat agree,Somewhat agree,Agree,Somewhat agree,Neither agree nor disagree,Somewhat agree,Somewhat agree,Somewhat agree,Neither agree nor disagree,Disagree,Disagree,5
213,<10%,Somewhat agree,Somewhat agree,Neither agree nor disagree,Disagree,Strongly disagree,Disagree,Neither agree nor disagree,Neither agree nor disagree,Neither agree nor disagree,Disagree,Somewhat disagree,Somewhat agree,Disagree,Disagree,Disagree,7
214,>80%,Somewhat agree,Agree,Strongly agree,Somewhat agree,Somewhat agree,Agree,Neither agree nor disagree,Somewhat agree,Neither agree nor disagree,Agree,Agree,Agree,Strongly agree,Strongly disagree,Strongly agree,7
215,0%,Disagree,Disagree,Disagree,Disagree,Disagree,Disagree,Disagree,Disagree,Disagree,Neither agree nor disagree,Disagree,Disagree,Disagree,Agree,Disagree,
216,21-40%,Somewhat disagree,Disagree,Somewhat disagree,Disagree,Strongly disagree,Disagree,Neither agree nor disagree,Somewhat disagree,Somewhat disagree,Disagree,Strongly disagree,Disagree,Strongly disagree,Strongly disagree,Disagree,4
217,<10%,Neither agree nor disagree,Neither agree nor disagree,Somewhat disagree,Disagree,Strongly disagree,Disagree,Disagree,Strongly disagree,Somewhat agree,Strongly disagree,Strongly disagree,Strongly disagree,Neither agree nor disagree,Disagree,Disagree,6
218,<10%,Disagree,Agree,Agree,Strongly disagree,Strongly disagree,Disagree,Somewhat agree,Agree,Somewhat agree,Somewhat agree,Disagree,Disagree,Somewhat agree,Neither agree nor disagree,Disagree,6
219,41-60%,Agree,Strongly agree,Agree,Somewhat agree,Somewhat agree,Agree,Agree,Strongly agree,Somewhat agree,Somewhat agree,Agree,Agree,Somewhat disagree,Agree,Agree,6
220,<10%,Neither agree nor disagree,Neither agree nor disagree,Somewhat agree,Somewhat agree,Neither agree nor disagree,Somewhat disagree,Disagree,Neither agree nor disagree,Somewhat agree,Agree,Disagree,Disagree,Neither agree nor disagree,Neither agree nor disagree,Neither agree nor disagree,
221,<10%,Disagree,Disagree,Disagree,Disagree,Disagree,Somewhat disagree,Agree,Agree,Somewhat agree,Neither agree nor disagree,Somewhat agree,Somewhat disagree,Disagree,Disagree,Disagree,9
222,41-60%,Somewhat disagree,Somewhat agree,Somewhat disagree,Somewhat agree,Somewhat agree,Agree,Somewhat agree,Agree,Somewhat agree,Strongly agree,Agree,Disagree,Somewhat disagree,Disagree,Somewhat agree,9
223,<10%,Strongly disagree,Disagree,Strongly disagree,Disagree,Strongly disagree,Disagree,Somewhat disagree,Neither agree nor disagree,Agree,Strongly disagree,Disagree,Strongly disagree,Strongly disagree,Strongly disagree,Strongly disagree,3
224,10-20%,Neither agree nor disagree,Neither agree nor disagree,Somewhat disagree,Somewhat disagree,Neither agree nor disagree,Somewhat disagree,Somewhat disagree,Somewhat disagree,Neither agree nor disagree,Somewhat disagree,Neither agree nor disagree,Disagree,Disagree,Neither agree nor disagree,Somewhat disagree,4
225,<10%,Agree,Somewhat agree,Agree,Disagree,Somewhat agree,Neither agree nor disagree,Agree,Strongly agree,Strongly agree,Disagree,Neither agree nor disagree,Strongly disagree,Neither agree nor disagree,Disagree,Strongly disagree,6
226,<10%,Neither agree nor disagree,Somewhat agree,Somewhat disagree,Neither agree nor disagree,Somewhat agree,Somewhat agree,Somewhat agree,Somewhat agree,Agree,Somewhat agree,Disagree,Somewhat agree,Strongly agree,Somewhat agree,Agree,2
227,<10%,Somewhat disagree,Neither agree nor disagree,Somewhat disagree,Neither agree nor disagree,Somewhat agree,Neither agree nor disagree,Somewhat agree,Somewhat agree,Somewhat agree,Somewhat disagree,Somewhat agree,Disagree,Disagree,Agree,Agree,6
228,10-20%,Disagree,Disagree,Disagree,Somewhat disagree,Disagree,Somewhat agree,Disagree,Somewhat agree,Somewhat agree,Somewhat agree,Disagree,Strongly disagree,Somewhat disagree,Strongly disagree,Disagree,4
229,>80%,Strongly agree,Agree,Somewhat agree,Agree,Strongly agree,Strongly agree,Agree,Agree,Somewhat agree,Strongly agree,Somewhat agree,Agree,Agree,Somewhat agree,Somewhat agree,9
230,21-40%,Agree,Agree,Somewhat agree,Somewhat agree,Somewhat disagree,Somewhat agree,Somewhat disagree,Agree,Somewhat disagree,Agree,Agree,Agree,Somewhat disagree,Somewhat agree,Somewhat disagree,7
231,<10%,Disagree,Disagree,Neither agree nor disagree,Disagree,Disagree,Somewhat disagree,Neither agree nor disagree,Disagree,Disagree,Disagree,Disagree,Disagree,Neither agree nor disagree,Agree,Somewhat disagree,2
232,21-40%,Somewhat agree,Neither agree nor disagree,Agree,Neither agree nor disagree,Neither agree nor disagree,Neither agree nor disagree,Somewhat agree,Disagree,Disagree,Somewhat agree,Disagree,Disagree,Somewhat agree,Somewhat agree,Somewhat agree,0
233,41-60%,Somewhat agree,Somewhat agree,Neither agree nor disagree,Neither agree nor disagree,Somewhat agree,Neither agree nor disagree,Neither agree nor disagree,Somewhat disagree,Somewhat agree,Somewhat agree,Strongly agree,Agree,Somewhat disagree,Somewhat agree,Agree,4
234,21-40%,Somewhat agree,Agree,Somewhat agree,Neither agree nor disagree,Somewhat disagree,Somewhat disagree,Strongly agree,Somewhat agree,Agree,Somewhat agree,Somewhat disagree,Somewhat agree,Neither agree nor disagree,Somewhat agree,Somewhat agree,4
235,21-40%,Strongly agree,Strongly agree,Strongly agree,Disagree,Neither agree nor disagree,Agree,Strongly agree,Agree,Strongly agree,Agree,Agree,Somewhat agree,Agree,Somewhat agree,Agree,7
236,10-20%,Neither agree nor disagree,Somewhat agree,Agree,Disagree,Strongly disagree,Somewhat agree,Somewhat agree,Somewhat agree,Somewhat agree,Somewhat agree,Somewhat agree,Disagree,Somewhat disagree,Somewhat disagree,Somewhat disagree,7
237,10-20%,Disagree,Disagree,Neither agree nor disagree,Strongly disagree,Disagree,Strongly disagree,Strongly disagree,Disagree,Strongly disagree,Disagree,Strongly disagree,Strongly disagree,Strongly disagree,Strongly disagree,Strongly disagree,8
238,Not relevant,,,,,,,,,,,,,,,,7
239,21-40%,Somewhat agree,Somewhat agree,Somewhat agree,Somewhat agree,Somewhat agree,Somewhat agree,Somewhat agree,Somewhat agree,Disagree,Somewhat agree,Somewhat disagree,Disagree,Agree,Somewhat agree,Somewhat agree,7
240,10-20%,Disagree,Disagree,Disagree,Strongly disagree,Disagree,Disagree,Disagree,Disagree,Disagree,Disagree,Disagree,Disagree,Disagree,Disagree,Disagree,0
241,<10%,Strongly disagree,Disagree,Strongly disagree,Neither agree nor disagree,Disagree,Neither agree nor disagree,Neither agree nor disagree,Disagree,Disagree,Disagree,Disagree,Disagree,Strongly disagree,Neither agree nor disagree,Disagree,6
242,10-20%,Agree,Agree,Agree,Somewhat agree,Agree,Disagree,Agree,Neither agree nor disagree,Agree,Somewhat agree,Somewhat agree,Agree,Neither agree nor disagree,Somewhat disagree,Agree,6
243,10-20%,Somewhat agree,Agree,Agree,Somewhat disagree,Disagree,Somewhat agree,Somewhat agree,Agree,Agree,Somewhat agree,Agree,Disagree,Somewhat agree,Somewhat agree,Somewhat agree,5
244,10-20%,Neither agree nor disagree,Neither agree nor disagree,Somewhat agree,Somewhat agree,Neither agree nor disagree,Agree,Agree,Agree,Strongly disagree,Agree,Somewhat agree,Neither agree nor disagree,Disagree,Disagree,Disagree,5
245,<10%,Disagree,Strongly disagree,Somewhat disagree,Strongly disagree,Strongly disagree,Strongly disagree,Disagree,Disagree,Strongly disagree,Disagree,Strongly disagree,Strongly disagree,Strongly disagree,Somewhat disagree,Strongly disagree,8
246,<10%,Disagree,Disagree,Strongly disagree,Disagree,Disagree,Disagree,Disagree,Disagree,Disagree,Somewhat agree,Strongly disagree,Disagree,Strongly disagree,Disagree,Disagree,3
247,<10%,Somewhat disagree,Disagree,Agree,Disagree,Disagree,Disagree,Somewhat agree,Agree,Agree,Disagree,Disagree,Disagree,Disagree,Disagree,Disagree,7
248,10-20%,Somewhat agree,Agree,Neither agree nor disagree,Neither agree nor disagree,Somewhat agree,Neither agree nor disagree,Neither agree nor disagree,Somewhat agree,Disagree,Somewhat disagree,Neither agree nor disagree,Somewhat agree,Somewhat disagree,Somewhat agree,Neither agree nor disagree,6
249,21-40%,Somewhat disagree,Disagree,Disagree,Neither agree nor disagree,Strongly disagree,Disagree,Disagree,Strongly agree,Somewhat agree,Neither agree nor disagree,Agree,Neither agree nor disagree,Strongly disagree,Agree,Disagree,6
250,10-20%,Strongly disagree,Somewhat agree,Strongly disagree,Neither agree nor disagree,Strongly disagree,Strongly disagree,Strongly disagree,Strongly disagree,Strongly disagree,Disagree,Strongly disagree,Strongly disagree,Strongly disagree,Strongly disagree,Strongly disagree,4
251,<10%,Disagree,Disagree,Strongly disagree,Strongly disagree,Disagree,Somewhat disagree,Disagree,Strongly disagree,Strongly disagree,Disagree,Disagree,Disagree,Strongly disagree,Somewhat disagree,Strongly disagree,1
252,0%,Strongly disagree,Strongly disagree,Strongly disagree,Strongly disagree,Disagree,Strongly disagree,Strongly disagree,Strongly disagree,Strongly disagree,Strongly disagree,Strongly disagree,Strongly disagree,Strongly disagree,Strongly disagree,Strongly disagree,5
253,0%,Strongly disagree,Strongly disagree,Disagree,Strongly disagree,Disagree,Disagree,Somewhat disagree,Disagree,Disagree,Strongly disagree,Disagree,Strongly disagree,Disagree,Strongly disagree,Strongly disagree,4
254,61-80%,Agree,Agree,Agree,Strongly agree,Agree,Strongly agree,Strongly agree,Strongly agree,Strongly agree,Strongly agree,Agree,Agree,Strongly agree,Agree,Somewhat agree,3
255,41-60%,Agree,Somewhat agree,Agree,Somewhat agree,Somewhat disagree,Agree,Agree,Agree,Agree,Somewhat agree,Somewhat agree,Somewhat agree,Somewhat agree,Agree,Agree,6
256,<10%,Strongly disagree,Strongly disagree,Neither agree nor disagree,Somewhat agree,Disagree,Neither agree nor disagree,Somewhat disagree,Strongly disagree,Strongly disagree,Strongly disagree,Strongly disagree,Strongly disagree,Disagree,Disagree,Strongly disagree,3
257,<10%,Disagree,Disagree,Disagree,Disagree,Disagree,Disagree,Disagree,Disagree,Disagree,Disagree,Disagree,Disagree,Disagree,Disagree,Disagree,4
258,21-40%,Somewhat agree,Somewhat agree,Somewhat agree,Disagree,Disagree,Disagree,Somewhat agree,Disagree,Strongly disagree,Agree,Agree,Disagree,Disagree,Somewhat disagree,Neither agree nor disagree,6
259,10-20%,Disagree,Somewhat disagree,Somewhat disagree,Disagree,Somewhat disagree,Somewhat disagree,Disagree,Disagree,Somewhat agree,Disagree,Somewhat disagree,Disagree,Somewhat disagree,Disagree,Disagree,8
261,<10%,Strongly disagree,Disagree,Disagree,Strongly disagree,Strongly disagree,Disagree,Disagree,Somewhat disagree,Disagree,Strongly disagree,Somewhat disagree,Strongly disagree,Strongly disagree,Strongly disagree,Strongly disagree,4
262,<10%,Somewhat agree,Disagree,Somewhat agree,Strongly disagree,Disagree,Somewhat disagree,Disagree,Disagree,Disagree,Disagree,Disagree,Strongly disagree,Strongly disagree,Strongly disagree,Strongly disagree,7
263,10-20%,Neither agree nor disagree,Disagree,Somewhat agree,Disagree,Disagree,Somewhat disagree,Somewhat agree,Disagree,Strongly disagree,Somewhat disagree,Somewhat disagree,Somewhat disagree,Somewhat agree,Disagree,Disagree,3
264,10-20%,Somewhat agree,Somewhat disagree,Neither agree nor disagree,Neither agree nor disagree,Neither agree nor disagree,Disagree,Strongly disagree,Strongly disagree,Strongly disagree,Somewhat disagree,Neither agree nor disagree,Disagree,Disagree,Somewhat disagree,Somewhat disagree,5
