FileName,S1_Mean HR (bpm)
001_25_10_2024_19_10_47.sdf,119.832765
002_25_10_2024_19_25_31.sdf,161.495322
003_25_10_2024_19_10_31.sdf,127.024497
004_25_10_2024_19_25_53.sdf,150.733092
005_25_10_2024_19_25_04.sdf,134.542686
006_25_10_2024_19_25_29.sdf,119.788892
007_25_10_2024_19_35_12.sdf,75.428621
008_25_10_2024_19_34_45.sdf,115.35119
009_25_10_2024_19_46_35.sdf,122.543575
010_25_10_2024_19_48_48.sdf,123.490667
011_25_10_2024_19_49_11.sdf,104.668024
012_25_10_2024_20_01_30.sdf,95.721026
013_25_10_2024_20_01_27.sdf,117.797879
014_25_10_2024_20_07_25.sdf,132.710064
016_25_10_2024_20_09_06.sdf,133.10321
017_25_10_2024_20_13_44.sdf,151.241771
018_25_10_2024_20_14_57.sdf,108.750808
019_25_10_2024_20_15_39.sdf,132.751124
020_25_10_2024_20_21_06.sdf,117.031993
021_25_10_2024_20_20_56.sdf,169.892409
022_25_10_2024_21_18_06.sdf,69.914502
023_25_10_2024_21_21_07.sdf,131.721014
024_25_10_2024_21_21_58.sdf,85.393598
025_25_10_2024_21_24_22.sdf,96.756913
026_25_10_2024_21_25_29.sdf,117.1479
027_25_10_2024_21_33_35.sdf,   NaN
028_25_10_2024_21_35_22.sdf,139.853651
029_25_10_2024_21_42_13.sdf,126.144818
030_25_10_2024_21_43_36.sdf,127.151031
031_25_10_2024_21_44_32.sdf,140.526274
032_25_10_2024_21_46_12.sdf,105.79282
033_25_10_2024_21_47_41.sdf,93.615366
034_25_10_2024_21_49_59.sdf,100.207002
035_25_10_2024_21_51_16.sdf,117.838549
036_25_10_2024_22_08_48.sdf,127.767442
037_25_10_2024_22_10_04.sdf,107.566322
038_25_10_2024_22_11_53.sdf,109.254101
039_25_10_2024_22_13_40.sdf,140.456934
041_25_10_2024_22_26_34.sdf,70.629202
042_25_10_2024_22_27_29.sdf,81.196998
043_25_10_2024_22_27_28.sdf,95.483799
044_26_10_2024_18_47_52.sdf,159.030788
045_26_10_2024_18_47_27.sdf,133.568807
046_26_10_2024_18_47_51.sdf,152.966609
047_26_10_2024_19_00_32.sdf,102.755471
048_26_10_2024_19_02_12.sdf,166.358043
049_26_10_2024_19_01_31.sdf,148.583511
050_26_10_2024_19_09_19.sdf,118.193917
051_26_10_2024_19_11_04.sdf,109.700581
052_26_10_2024_19_26_49.sdf,95.709447
053_26_10_2024_19_57_12.sdf,119.815161
054_26_10_2024_19_55_57.sdf,79.517989
056_26_10_2024_20_08_44.sdf,87.950914
057_26_10_2024_20_07_43.sdf,123.507365
058_26_10_2024_20_09_57.sdf,116.16759
059_26_10_2024_20_43_24.sdf,108.402218
060_26_10_2024_20_43_31.sdf,88.752002
061_26_10_2024_21_19_16.sdf,159.847207
063_26_10_2024_21_31_08.sdf,113.615098
064_26_10_2024_21_31_03.sdf,129.733985
065_26_10_2024_21_33_54.sdf,125.369368
066_26_10_2024_21_40_27.sdf,127.788515
067_26_10_2024_21_40_31.sdf,91.261827
068_26_10_2024_21_47_33.sdf,86.580215
069_26_10_2024_21_48_34.sdf,104.932978
070_26_10_2024_21_52_18.sdf,138.150537
071_26_10_2024_21_52_44.sdf,132.246548
072_26_10_2024_21_54_50.sdf,110.657693
073_26_10_2024_21_55_40.sdf,146.149825
075_26_10_2024_21_57_22.sdf,104.129875
076_26_10_2024_21_59_01.sdf,117.746992
078_26_10_2024_21_59_23.sdf,109.524186
079_26_10_2024_22_00_11.sdf,130.367932
080_26_10_2024_22_04_03.sdf,130.547448
081_26_10_2024_22_05_27.sdf,92.849204
082_26_10_2024_22_06_45.sdf,122.276551
083_26_10_2024_22_07_52.sdf,146.739875
084_26_10_2024_22_08_41.sdf,158.80792
085_26_10_2024_22_14_43.sdf,98.802807
086_26_10_2024_22_15_15.sdf,140.087045
087_26_10_2024_22_20_38.sdf,135.503511
088_26_10_2024_22_21_03.sdf,132.72158
089_26_10_2024_22_34_12.sdf,97.83197
090_26_10_2024_22_47_07.sdf,149.689577
091_26_10_2024_22_47_58.sdf,151.623089
092_26_10_2024_22_48_43.sdf,146.112025
093_01_11_2024_18_55_56.sdf,129.01999
094_01_11_2024_18_56_40.sdf,141.742872
095_01_11_2024_18_56_21.sdf,124.862377
096_01_11_2024_19_11_54.sdf,110.157656
097_01_11_2024_19_13_26.sdf,112.8535
098_01_11_2024_19_13_21.sdf,120.803473
099_01_11_2024_19_16_08.sdf,133.96834
100_01_11_2024_19_15_57.sdf,106.158553
101_01_11_2024_19_20_48.sdf,108.824199
102_01_11_2024_19_38_46.sdf,98.176066
103_01_11_2024_19_38_14.sdf,164.054692
104_01_11_2024_19_38_20.sdf,118.793719
105_01_11_2024_19_45_09.sdf,125.147129
106_01_11_2024_20_09_35.sdf,108.359194
107_01_11_2024_20_31_28.sdf,121.817616
108_01_11_2024_20_30_39.sdf,110.965419
109_01_11_2024_20_33_08.sdf,158.070879
110_01_11_2024_20_33_00.sdf,109.819222
111_01_11_2024_20_34_05.sdf,116.585008
112_01_11_2024_20_34_29.sdf,159.608803
113_01_11_2024_21_05_03.sdf,132.440408
114_01_11_2024_21_28_52.sdf,136.954367
116_01_11_2024_21_06_22.sdf,126.342847
117_01_11_2024_21_07_36.sdf,142.660127
118_01_11_2024_21_07_14.sdf,141.047628
119_01_11_2024_21_09_06.sdf,116.02952
120_01_11_2024_21_09_30.sdf,117.875065
121_01_11_2024_21_29_24.sdf,143.255519
122_01_11_2024_21_33_02.sdf,87.692954
123_01_11_2024_21_44_32.sdf,112.707602
124_01_11_2024_21_44_46.sdf,133.84053
125_01_11_2024_21_45_04.sdf,111.298985
126_02_11_2024_18_46_37.sdf,   NaN
127_02_11_2024_18_47_35.sdf,136.795592
128_02_11_2024_18_49_04.sdf,106.67029
129_02_11_2024_18_49_50.sdf,79.651447
130_02_11_2024_18_51_00.sdf,88.941921
131_02_11_2024_18_51_59.sdf,86.664364
132_02_11_2024_18_55_03.sdf,69.923719
133_02_11_2024_19_01_18.sdf,122.697989
134_02_11_2024_19_02_24.sdf,113.882003
135_02_11_2024_19_13_17.sdf,114.706226
136_02_11_2024_19_02_36.sdf,105.801434
137_02_11_2024_19_13_16.sdf,99.166731
138_02_11_2024_19_27_01.sdf,135.123536
139_02_11_2024_19_26_16.sdf,117.007049
140_02_11_2024_19_27_56.sdf,92.70261
141_02_11_2024_19_39_23.sdf,103.619925
142_02_11_2024_19_40_25.sdf,142.617741
143_02_11_2024_19_40_53.sdf,119.389859
144_02_11_2024_19_46_28.sdf,103.851262
145_02_11_2024_19_46_09.sdf,116.936176
146_02_11_2024_19_47_35.sdf,75.619622
147_02_11_2024_19_48_08.sdf,103.425402
148_02_11_2024_19_49_37.sdf,112.384498
149_02_11_2024_19_49_29.sdf,156.00219
150_02_11_2024_19_50_40.sdf,125.730748
151_02_11_2024_19_53_15.sdf,110.522461
152_02_11_2024_19_53_09.sdf,109.951051
153_02_11_2024_20_16_49.sdf,126.334289
154_02_11_2024_20_16_55.sdf,153.883466
156_02_11_2024_21_11_06.sdf,98.616076
157_02_11_2024_21_12_50.sdf,79.548539
158_02_11_2024_21_11_40.sdf,105.835328
159_02_11_2024_21_14_02.sdf,108.011036
160_02_11_2024_21_13_35.sdf,89.075944
161_02_11_2024_21_15_28.sdf,92.698465
162_02_11_2024_21_17_14.sdf,100.276563
163_02_11_2024_21_17_37.sdf,97.326521
164_02_11_2024_21_18_42.sdf,112.345191
165_02_11_2024_21_21_06.sdf,94.023028
166_02_11_2024_21_20_45.sdf,125.857309
167_02_11_2024_21_22_25.sdf,58.610575
168_02_11_2024_21_22_12.sdf,138.692733
169_02_11_2024_21_23_46.sdf,128.576474
170_02_11_2024_21_27_13.sdf,102.662147
171_02_11_2024_21_27_26.sdf,105.081196
172_02_11_2024_21_28_25.sdf,82.144493
173_02_11_2024_21_29_56.sdf,102.789594
174_02_11_2024_21_29_53.sdf,113.568786
175_02_11_2024_21_35_01.sdf,128.960406
176_02_11_2024_21_36_10.sdf,127.534797
177_02_11_2024_21_43_24.sdf,135.526668
178_02_11_2024_21_49_24.sdf,107.843829
179_02_11_2024_21_49_03.sdf,123.567179
180_02_11_2024_21_52_33.sdf,146.211295
181_02_11_2024_21_52_38.sdf,141.804776
182_08_11_2024_18_56_05.sdf,125.969339
183_08_11_2024_18_56_57.sdf,155.187743
184_08_11_2024_18_58_14.sdf,135.880755
185_08_11_2024_18_56_18.sdf,110.639974
186_08_11_2024_19_24_21.sdf,80.79024
187_08_11_2024_19_23_43.sdf,102.363947
188_08_11_2024_19_30_22.sdf,125.442509
189_08_11_2024_19_27_43.sdf,91.245989
190_08_11_2024_19_29_16.sdf,119.516385
191_08_11_2024_19_30_38.sdf,110.438028
192_08_11_2024_19_42_35.sdf,111.261852
193_08_11_2024_19_47_25.sdf,101.076444
194_08_11_2024_19_47_22.sdf,120.574991
195_08_11_2024_19_56_46.sdf,65.23728
196_08_11_2024_19_57_18.sdf,92.326833
197_08_11_2024_19_57_20.sdf,98.097869
198_08_11_2024_19_58_10.sdf,94.410669
199_08_11_2024_19_59_13.sdf,135.377305
200_08_11_2024_19_59_44.sdf,107.084087
201_08_11_2024_20_22_23.sdf,135.360605
202_08_11_2024_20_22_43.sdf,143.9476
203_08_11_2024_21_03_16.sdf,126.616271
204_08_11_2024_21_05_13.sdf,134.863732
205_08_11_2024_21_07_31.sdf,142.18102
206_08_11_2024_21_05_26.sdf,164.681203
207_08_11_2024_21_05_37.sdf,129.963672
208_08_11_2024_21_20_26.sdf,135.520615
209_08_11_2024_21_31_52.sdf,77.134998
210_08_11_2024_21_21_45.sdf,125.88634
211_08_11_2024_21_23_57.sdf,146.550755
212_08_11_2024_21_24_40.sdf,115.857352
213_08_11_2024_21_25_04.sdf,138.670369
214_08_11_2024_21_25_28.sdf,152.453946
215_08_11_2024_21_41_50.sdf,107.978995
216_08_11_2024_21_37_17.sdf,142.346445
217_08_11_2024_21_37_23.sdf,98.016921
218_08_11_2024_21_37_58.sdf,117.013195
219_08_11_2024_21_37_21.sdf,115.497441
220_08_11_2024_21_42_15.sdf,102.952776
221_08_11_2024_21_46_52.sdf,123.649892
222_08_11_2024_21_46_50.sdf,119.934885
223_08_11_2024_21_47_31.sdf,126.413593
224_08_11_2024_21_48_52.sdf,135.553532
225_08_11_2024_21_50_43.sdf,139.618042
226_08_11_2024_21_52_01.sdf,153.191161
227_08_11_2024_22_03_32.sdf,118.992762
228_08_11_2024_22_04_07.sdf,80.526134
229_08_11_2024_22_21_28.sdf,129.74217
230_08_11_2024_22_21_20.sdf,130.989392
231_09_11_2024_19_31_02.sdf,114.460384
232_09_11_2024_19_34_33.sdf,137.46702
233_09_11_2024_19_35_02.sdf,157.840746
234_09_11_2024_19_43_03.sdf,143.671637
235_09_11_2024_19_44_55.sdf,164.567537
236_09_11_2024_19_44_06.sdf,147.786361
237_09_11_2024_20_58_34.sdf,92.947125
238_09_11_2024_20_59_19.sdf,114.131254
239_09_11_2024_20_59_10.sdf,97.269996
240_09_11_2024_21_00_25.sdf,95.235476
241_09_11_2024_21_05_28.sdf,100.780889
242_09_11_2024_21_06_31.sdf,101.977888
243_09_11_2024_21_05_35.sdf,109.93764
244_09_11_2024_21_06_14.sdf,91.653676
245_09_11_2024_21_06_47.sdf,109.1836
246_09_11_2024_21_07_30.sdf,99.41996
247_09_11_2024_21_08_55.sdf,131.527144
248_09_11_2024_21_09_14.sdf,103.739031
249_09_11_2024_21_10_25.sdf,118.103134
250_09_11_2024_21_11_22.sdf,144.861992
251_09_11_2024_21_11_02.sdf,88.866536
252_09_11_2024_21_19_21.sdf,139.090107
253_09_11_2024_21_18_36.sdf,120.352425
254_09_11_2024_21_33_32.sdf,94.390036
255_09_11_2024_21_32_00.sdf,116.381006
256_09_11_2024_21_35_34.sdf,113.412907
257_09_11_2024_21_32_14.sdf,117.467961
258_09_11_2024_21_36_23.sdf,130.578866
259_09_11_2024_21_36_12.sdf,116.755006
260_09_11_2024_21_47_37.sdf,92.678556
261_09_11_2024_21_37_14.sdf,89.848144
262_09_11_2024_21_37_24.sdf,116.797202
263_09_11_2024_21_45_53.sdf,155.254498
264_09_11_2024_21_46_03.sdf,130.436141
